ISO-10303-21;
HEADER;
FILE_DESCRIPTION(('STEP AP242'),'1');
FILE_NAME('113ghz.stp','2026-07-27T06:35:22',('admin'),(' '),'Spatial InterOp 3D','CST ACIS InterOp Converter 2025',' ');
FILE_SCHEMA(('AP242_MANAGED_MODEL_BASED_3D_ENGINEERING_MIM_LF  {1 0 10303 442 1 1 4}'));
ENDSEC;
DATA;
#1=MECHANICAL_DESIGN_GEOMETRIC_PRESENTATION_REPRESENTATION(' ',(#23,#24,#25,#26,#27,#28,#29,#30,#31,#32),#19);
#2=PRODUCT_DEFINITION_CONTEXT('',#33,'design');
#3=APPLICATION_PROTOCOL_DEFINITION('INTERNATIONAL STANDARD','ap242_managed_model_based_3d_engineering',2014,#33);
#4=PRODUCT_CATEGORY_RELATIONSHIP('NONE','NONE',#34,#35);
#5=SHAPE_DEFINITION_REPRESENTATION(#36,#37);
#6=SHAPE_DEFINITION_REPRESENTATION(#36,#38);
#7=SHAPE_DEFINITION_REPRESENTATION(#36,#39);
#8=SHAPE_DEFINITION_REPRESENTATION(#36,#40);
#9=SHAPE_DEFINITION_REPRESENTATION(#36,#41);
#10=SHAPE_DEFINITION_REPRESENTATION(#36,#42);
#11=SHAPE_DEFINITION_REPRESENTATION(#36,#43);
#12=SHAPE_DEFINITION_REPRESENTATION(#36,#44);
#13=SHAPE_DEFINITION_REPRESENTATION(#36,#45);
#14=SHAPE_DEFINITION_REPRESENTATION(#36,#46);
#15=SHAPE_DEFINITION_REPRESENTATION(#36,#47);
#16=SHAPE_DEFINITION_REPRESENTATION(#36,#48);
#17=SHAPE_DEFINITION_REPRESENTATION(#36,#49);
#18=SHAPE_DEFINITION_REPRESENTATION(#36,#50);
#19= (GEOMETRIC_REPRESENTATION_CONTEXT(3)GLOBAL_UNCERTAINTY_ASSIGNED_CONTEXT((#53))GLOBAL_UNIT_ASSIGNED_CONTEXT((#55,#56,#57))REPRESENTATION_CONTEXT('NONE','WORKSPACE'));
#23=STYLED_ITEM('',(#59),#60);
#24=STYLED_ITEM('',(#61),#62);
#25=STYLED_ITEM('',(#63),#64);
#26=STYLED_ITEM('',(#65),#66);
#27=STYLED_ITEM('',(#67),#68);
#28=STYLED_ITEM('',(#69),#70);
#29=STYLED_ITEM('',(#71),#72);
#30=STYLED_ITEM('',(#73),#74);
#31=STYLED_ITEM('',(#75),#76);
#32=STYLED_ITEM('',(#77),#78);
#33=APPLICATION_CONTEXT('managed model based 3d engineering');
#34=PRODUCT_CATEGORY('part','NONE');
#35=PRODUCT_RELATED_PRODUCT_CATEGORY('detail',' ',(#79));
#36=PRODUCT_DEFINITION_SHAPE('NONE','NONE',#80);
#37=ADVANCED_BREP_SHAPE_REPRESENTATION('component1|Ground',(#60,#81),#19);
#38=ADVANCED_BREP_SHAPE_REPRESENTATION('component1|Substrate',(#62,#82),#19);
#39=ADVANCED_BREP_SHAPE_REPRESENTATION('1',(#64,#83),#19);
#40=ADVANCED_BREP_SHAPE_REPRESENTATION('2',(#66,#84),#19);
#41=ADVANCED_BREP_SHAPE_REPRESENTATION('3',(#68,#85),#19);
#42=ADVANCED_BREP_SHAPE_REPRESENTATION('4',(#70,#86),#19);
#43=ADVANCED_BREP_SHAPE_REPRESENTATION('5',(#72,#87),#19);
#44=ADVANCED_BREP_SHAPE_REPRESENTATION('6',(#74,#88),#19);
#45=ADVANCED_BREP_SHAPE_REPRESENTATION('7',(#76,#89),#19);
#46=ADVANCED_BREP_SHAPE_REPRESENTATION('8',(#78,#90),#19);
#47=MANIFOLD_SURFACE_SHAPE_REPRESENTATION('Ports|port1',(#91,#92),#19);
#48=MANIFOLD_SURFACE_SHAPE_REPRESENTATION('Ports|port2',(#93,#94),#19);
#49=MANIFOLD_SURFACE_SHAPE_REPRESENTATION('Ports|port3',(#95,#96),#19);
#50=MANIFOLD_SURFACE_SHAPE_REPRESENTATION('Ports|port4',(#97,#98),#19);
#53=UNCERTAINTY_MEASURE_WITH_UNIT(LENGTH_MEASURE(1.0E-06),#55,'','');
#55= (CONVERSION_BASED_UNIT('MILLIMETRE',#101)LENGTH_UNIT()NAMED_UNIT(#104));
#56= (NAMED_UNIT(#106)PLANE_ANGLE_UNIT()SI_UNIT($,.RADIAN.));
#57= (NAMED_UNIT(#106)SOLID_ANGLE_UNIT()SI_UNIT($,.STERADIAN.));
#59=PRESENTATION_STYLE_ASSIGNMENT((#112));
#60=MANIFOLD_SOLID_BREP('component1|Ground',#113);
#61=PRESENTATION_STYLE_ASSIGNMENT((#114));
#62=MANIFOLD_SOLID_BREP('component1|Substrate',#115);
#63=PRESENTATION_STYLE_ASSIGNMENT((#116));
#64=MANIFOLD_SOLID_BREP('component1|Feed_line',#117);
#65=PRESENTATION_STYLE_ASSIGNMENT((#118));
#66=MANIFOLD_SOLID_BREP('component1|Feed_line',#119);
#67=PRESENTATION_STYLE_ASSIGNMENT((#120));
#68=MANIFOLD_SOLID_BREP('component1|Feed_line_1',#121);
#69=PRESENTATION_STYLE_ASSIGNMENT((#122));
#70=MANIFOLD_SOLID_BREP('component1|Feed_line_1',#123);
#71=PRESENTATION_STYLE_ASSIGNMENT((#124));
#72=MANIFOLD_SOLID_BREP('component1|Feed_line_2',#125);
#73=PRESENTATION_STYLE_ASSIGNMENT((#126));
#74=MANIFOLD_SOLID_BREP('component1|Feed_line_2',#127);
#75=PRESENTATION_STYLE_ASSIGNMENT((#128));
#76=MANIFOLD_SOLID_BREP('component1|Feed_line_3',#129);
#77=PRESENTATION_STYLE_ASSIGNMENT((#130));
#78=MANIFOLD_SOLID_BREP('component1|Feed_line_3',#131);
#79=PRODUCT('component1|Ground','','PART--DESC',(#132));
#80=PRODUCT_DEFINITION('','NONE',#133,#2);
#81=AXIS2_PLACEMENT_3D('',#134,#135,#136);
#82=AXIS2_PLACEMENT_3D('',#137,#138,#139);
#83=AXIS2_PLACEMENT_3D('',#140,#141,#142);
#84=AXIS2_PLACEMENT_3D('',#143,#144,#145);
#85=AXIS2_PLACEMENT_3D('',#146,#147,#148);
#86=AXIS2_PLACEMENT_3D('',#149,#150,#151);
#87=AXIS2_PLACEMENT_3D('',#152,#153,#154);
#88=AXIS2_PLACEMENT_3D('',#155,#156,#157);
#89=AXIS2_PLACEMENT_3D('',#158,#159,#160);
#90=AXIS2_PLACEMENT_3D('',#161,#162,#163);
#91=SHELL_BASED_SURFACE_MODEL('Ports|port1',(#164));
#92=AXIS2_PLACEMENT_3D('',#165,#166,#167);
#93=SHELL_BASED_SURFACE_MODEL('Ports|port2',(#168));
#94=AXIS2_PLACEMENT_3D('',#169,#170,#171);
#95=SHELL_BASED_SURFACE_MODEL('Ports|port3',(#172));
#96=AXIS2_PLACEMENT_3D('',#173,#174,#175);
#97=SHELL_BASED_SURFACE_MODEL('Ports|port4',(#176));
#98=AXIS2_PLACEMENT_3D('',#177,#178,#179);
#101=LENGTH_MEASURE_WITH_UNIT(LENGTH_MEASURE(1.0),#180);
#104=DIMENSIONAL_EXPONENTS(1.0,0.0,0.0,0.0,0.0,0.0,0.0);
#106=DIMENSIONAL_EXPONENTS(0.0,0.0,0.0,0.0,0.0,0.0,0.0);
#112=SURFACE_STYLE_USAGE(.BOTH.,#181);
#113=CLOSED_SHELL('',(#182,#183,#184,#185,#186,#187));
#114=SURFACE_STYLE_USAGE(.BOTH.,#188);
#115=CLOSED_SHELL('',(#189,#190,#191,#192,#193,#194));
#116=SURFACE_STYLE_USAGE(.BOTH.,#195);
#117=CLOSED_SHELL('',(#196,#197,#198,#199,#200,#201,#202,#203,#204,#205,#206,#207,#208,#209,#210,#211,#212,#213,#214,#215,#216,#217));
#118=SURFACE_STYLE_USAGE(.BOTH.,#218);
#119=CLOSED_SHELL('',(#219,#220,#221,#222,#223));
#120=SURFACE_STYLE_USAGE(.BOTH.,#224);
#121=CLOSED_SHELL('',(#225,#226,#227,#228,#229,#230,#231,#232,#233,#234,#235,#236,#237,#238,#239,#240,#241,#242,#243,#244,#245,#246));
#122=SURFACE_STYLE_USAGE(.BOTH.,#247);
#123=CLOSED_SHELL('',(#248,#249,#250,#251,#252));
#124=SURFACE_STYLE_USAGE(.BOTH.,#253);
#125=CLOSED_SHELL('',(#254,#255,#256,#257,#258,#259,#260,#261,#262,#263,#264,#265,#266,#267,#268,#269,#270,#271,#272,#273,#274,#275));
#126=SURFACE_STYLE_USAGE(.BOTH.,#276);
#127=CLOSED_SHELL('',(#277,#278,#279,#280,#281));
#128=SURFACE_STYLE_USAGE(.BOTH.,#282);
#129=CLOSED_SHELL('',(#283,#284,#285,#286,#287,#288,#289,#290,#291,#292,#293,#294,#295,#296,#297,#298,#299,#300,#301,#302,#303,#304));
#130=SURFACE_STYLE_USAGE(.BOTH.,#305);
#131=CLOSED_SHELL('',(#306,#307,#308,#309,#310));
#132=PRODUCT_CONTEXT('',#33,'mechanical');
#133=PRODUCT_DEFINITION_FORMATION_WITH_SPECIFIED_SOURCE(' ','NONE',#79,.NOT_KNOWN.);
#134=CARTESIAN_POINT('',(0.0,0.0,0.0));
#135=DIRECTION('',(0.0,0.0,1.0));
#136=DIRECTION('',(1.0,0.0,0.0));
#137=CARTESIAN_POINT('',(0.0,0.0,0.0));
#138=DIRECTION('',(0.0,0.0,1.0));
#139=DIRECTION('',(1.0,0.0,0.0));
#140=CARTESIAN_POINT('',(0.0,0.0,0.0));
#141=DIRECTION('',(0.0,0.0,1.0));
#142=DIRECTION('',(1.0,0.0,0.0));
#143=CARTESIAN_POINT('',(0.0,0.0,0.0));
#144=DIRECTION('',(0.0,0.0,1.0));
#145=DIRECTION('',(1.0,0.0,0.0));
#146=CARTESIAN_POINT('',(0.0,0.0,0.0));
#147=DIRECTION('',(0.0,0.0,1.0));
#148=DIRECTION('',(1.0,0.0,0.0));
#149=CARTESIAN_POINT('',(0.0,0.0,0.0));
#150=DIRECTION('',(0.0,0.0,1.0));
#151=DIRECTION('',(1.0,0.0,0.0));
#152=CARTESIAN_POINT('',(0.0,0.0,0.0));
#153=DIRECTION('',(0.0,0.0,1.0));
#154=DIRECTION('',(1.0,0.0,0.0));
#155=CARTESIAN_POINT('',(0.0,0.0,0.0));
#156=DIRECTION('',(0.0,0.0,1.0));
#157=DIRECTION('',(1.0,0.0,0.0));
#158=CARTESIAN_POINT('',(0.0,0.0,0.0));
#159=DIRECTION('',(0.0,0.0,1.0));
#160=DIRECTION('',(1.0,0.0,0.0));
#161=CARTESIAN_POINT('',(0.0,0.0,0.0));
#162=DIRECTION('',(0.0,0.0,1.0));
#163=DIRECTION('',(1.0,0.0,0.0));
#164=CLOSED_SHELL('',(#311));
#165=CARTESIAN_POINT('',(0.0,0.0,0.0));
#166=DIRECTION('',(0.0,0.0,1.0));
#167=DIRECTION('',(1.0,0.0,0.0));
#168=CLOSED_SHELL('',(#312));
#169=CARTESIAN_POINT('',(0.0,0.0,0.0));
#170=DIRECTION('',(0.0,0.0,1.0));
#171=DIRECTION('',(1.0,0.0,0.0));
#172=CLOSED_SHELL('',(#313));
#173=CARTESIAN_POINT('',(0.0,0.0,0.0));
#174=DIRECTION('',(0.0,0.0,1.0));
#175=DIRECTION('',(1.0,0.0,0.0));
#176=CLOSED_SHELL('',(#314));
#177=CARTESIAN_POINT('',(0.0,0.0,0.0));
#178=DIRECTION('',(0.0,0.0,1.0));
#179=DIRECTION('',(1.0,0.0,0.0));
#180= (NAMED_UNIT(#104)LENGTH_UNIT()SI_UNIT(.MILLI.,.METRE.));
#181=SURFACE_SIDE_STYLE('',(#316));
#182=ADVANCED_FACE('',(#317),#318,.T.);
#183=ADVANCED_FACE('',(#319),#320,.F.);
#184=ADVANCED_FACE('',(#321),#322,.F.);
#185=ADVANCED_FACE('',(#323),#324,.F.);
#186=ADVANCED_FACE('',(#325),#326,.F.);
#187=ADVANCED_FACE('',(#327),#328,.F.);
#188=SURFACE_SIDE_STYLE('',(#329));
#189=ADVANCED_FACE('',(#330),#331,.T.);
#190=ADVANCED_FACE('',(#332),#333,.F.);
#191=ADVANCED_FACE('',(#334),#335,.F.);
#192=ADVANCED_FACE('',(#336),#337,.F.);
#193=ADVANCED_FACE('',(#338),#339,.F.);
#194=ADVANCED_FACE('',(#340),#341,.F.);
#195=SURFACE_SIDE_STYLE('',(#342));
#196=ADVANCED_FACE('',(#343),#344,.F.);
#197=ADVANCED_FACE('',(#345),#346,.F.);
#198=ADVANCED_FACE('',(#347),#348,.F.);
#199=ADVANCED_FACE('',(#349),#350,.F.);
#200=ADVANCED_FACE('',(#351),#352,.F.);
#201=ADVANCED_FACE('',(#353),#354,.F.);
#202=ADVANCED_FACE('',(#355),#356,.F.);
#203=ADVANCED_FACE('',(#357),#358,.F.);
#204=ADVANCED_FACE('',(#359),#360,.F.);
#205=ADVANCED_FACE('',(#361),#362,.F.);
#206=ADVANCED_FACE('',(#363),#364,.F.);
#207=ADVANCED_FACE('',(#365),#366,.F.);
#208=ADVANCED_FACE('',(#367),#368,.F.);
#209=ADVANCED_FACE('',(#369),#370,.F.);
#210=ADVANCED_FACE('',(#371),#372,.F.);
#211=ADVANCED_FACE('',(#373),#374,.T.);
#212=ADVANCED_FACE('',(#375),#376,.T.);
#213=ADVANCED_FACE('',(#377),#378,.F.);
#214=ADVANCED_FACE('',(#379),#380,.T.);
#215=ADVANCED_FACE('',(#381),#382,.T.);
#216=ADVANCED_FACE('',(#383,#384),#385,.F.);
#217=ADVANCED_FACE('',(#386,#387),#388,.T.);
#218=SURFACE_SIDE_STYLE('',(#389));
#219=ADVANCED_FACE('',(#390),#391,.T.);
#220=ADVANCED_FACE('',(#392),#393,.T.);
#221=ADVANCED_FACE('',(#394),#395,.T.);
#222=ADVANCED_FACE('',(#396),#397,.T.);
#223=ADVANCED_FACE('',(#398),#399,.T.);
#224=SURFACE_SIDE_STYLE('',(#400));
#225=ADVANCED_FACE('',(#401),#402,.F.);
#226=ADVANCED_FACE('',(#403),#404,.F.);
#227=ADVANCED_FACE('',(#405),#406,.F.);
#228=ADVANCED_FACE('',(#407),#408,.F.);
#229=ADVANCED_FACE('',(#409),#410,.F.);
#230=ADVANCED_FACE('',(#411),#412,.F.);
#231=ADVANCED_FACE('',(#413),#414,.F.);
#232=ADVANCED_FACE('',(#415),#416,.F.);
#233=ADVANCED_FACE('',(#417),#418,.F.);
#234=ADVANCED_FACE('',(#419),#420,.F.);
#235=ADVANCED_FACE('',(#421),#422,.F.);
#236=ADVANCED_FACE('',(#423),#424,.F.);
#237=ADVANCED_FACE('',(#425),#426,.F.);
#238=ADVANCED_FACE('',(#427),#428,.F.);
#239=ADVANCED_FACE('',(#429),#430,.F.);
#240=ADVANCED_FACE('',(#431),#432,.T.);
#241=ADVANCED_FACE('',(#433),#434,.T.);
#242=ADVANCED_FACE('',(#435),#436,.F.);
#243=ADVANCED_FACE('',(#437),#438,.T.);
#244=ADVANCED_FACE('',(#439),#440,.T.);
#245=ADVANCED_FACE('',(#441,#442),#443,.F.);
#246=ADVANCED_FACE('',(#444,#445),#446,.T.);
#247=SURFACE_SIDE_STYLE('',(#447));
#248=ADVANCED_FACE('',(#448),#449,.T.);
#249=ADVANCED_FACE('',(#450),#451,.T.);
#250=ADVANCED_FACE('',(#452),#453,.T.);
#251=ADVANCED_FACE('',(#454),#455,.T.);
#252=ADVANCED_FACE('',(#456),#457,.T.);
#253=SURFACE_SIDE_STYLE('',(#458));
#254=ADVANCED_FACE('',(#459),#460,.F.);
#255=ADVANCED_FACE('',(#461),#462,.F.);
#256=ADVANCED_FACE('',(#463),#464,.F.);
#257=ADVANCED_FACE('',(#465),#466,.F.);
#258=ADVANCED_FACE('',(#467),#468,.F.);
#259=ADVANCED_FACE('',(#469),#470,.F.);
#260=ADVANCED_FACE('',(#471),#472,.F.);
#261=ADVANCED_FACE('',(#473),#474,.F.);
#262=ADVANCED_FACE('',(#475),#476,.F.);
#263=ADVANCED_FACE('',(#477),#478,.F.);
#264=ADVANCED_FACE('',(#479),#480,.F.);
#265=ADVANCED_FACE('',(#481),#482,.F.);
#266=ADVANCED_FACE('',(#483),#484,.F.);
#267=ADVANCED_FACE('',(#485),#486,.F.);
#268=ADVANCED_FACE('',(#487),#488,.F.);
#269=ADVANCED_FACE('',(#489),#490,.T.);
#270=ADVANCED_FACE('',(#491),#492,.T.);
#271=ADVANCED_FACE('',(#493),#494,.F.);
#272=ADVANCED_FACE('',(#495),#496,.T.);
#273=ADVANCED_FACE('',(#497),#498,.T.);
#274=ADVANCED_FACE('',(#499,#500),#501,.F.);
#275=ADVANCED_FACE('',(#502,#503),#504,.T.);
#276=SURFACE_SIDE_STYLE('',(#505));
#277=ADVANCED_FACE('',(#506),#507,.T.);
#278=ADVANCED_FACE('',(#508),#509,.T.);
#279=ADVANCED_FACE('',(#510),#511,.T.);
#280=ADVANCED_FACE('',(#512),#513,.T.);
#281=ADVANCED_FACE('',(#514),#515,.T.);
#282=SURFACE_SIDE_STYLE('',(#516));
#283=ADVANCED_FACE('',(#517),#518,.F.);
#284=ADVANCED_FACE('',(#519),#520,.F.);
#285=ADVANCED_FACE('',(#521),#522,.F.);
#286=ADVANCED_FACE('',(#523),#524,.F.);
#287=ADVANCED_FACE('',(#525),#526,.F.);
#288=ADVANCED_FACE('',(#527),#528,.F.);
#289=ADVANCED_FACE('',(#529),#530,.F.);
#290=ADVANCED_FACE('',(#531),#532,.F.);
#291=ADVANCED_FACE('',(#533),#534,.F.);
#292=ADVANCED_FACE('',(#535),#536,.F.);
#293=ADVANCED_FACE('',(#537),#538,.F.);
#294=ADVANCED_FACE('',(#539),#540,.F.);
#295=ADVANCED_FACE('',(#541),#542,.F.);
#296=ADVANCED_FACE('',(#543),#544,.F.);
#297=ADVANCED_FACE('',(#545),#546,.F.);
#298=ADVANCED_FACE('',(#547),#548,.T.);
#299=ADVANCED_FACE('',(#549),#550,.T.);
#300=ADVANCED_FACE('',(#551),#552,.F.);
#301=ADVANCED_FACE('',(#553),#554,.T.);
#302=ADVANCED_FACE('',(#555),#556,.T.);
#303=ADVANCED_FACE('',(#557,#558),#559,.F.);
#304=ADVANCED_FACE('',(#560,#561),#562,.T.);
#305=SURFACE_SIDE_STYLE('',(#563));
#306=ADVANCED_FACE('',(#564),#565,.T.);
#307=ADVANCED_FACE('',(#566),#567,.T.);
#308=ADVANCED_FACE('',(#568),#569,.T.);
#309=ADVANCED_FACE('',(#570),#571,.T.);
#310=ADVANCED_FACE('',(#572),#573,.T.);
#311=FACE_SURFACE('',(#574),#575,.T.);
#312=FACE_SURFACE('',(#576),#577,.T.);
#313=FACE_SURFACE('',(#578),#579,.T.);
#314=FACE_SURFACE('',(#580),#581,.T.);
#316=SURFACE_STYLE_FILL_AREA(#582);
#317=FACE_OUTER_BOUND('',#583,.T.);
#318=PLANE('',#584);
#319=FACE_OUTER_BOUND('',#585,.T.);
#320=PLANE('',#586);
#321=FACE_OUTER_BOUND('',#587,.T.);
#322=PLANE('',#588);
#323=FACE_OUTER_BOUND('',#589,.T.);
#324=PLANE('',#590);
#325=FACE_OUTER_BOUND('',#591,.T.);
#326=PLANE('',#592);
#327=FACE_OUTER_BOUND('',#593,.T.);
#328=PLANE('',#594);
#329=SURFACE_STYLE_FILL_AREA(#595);
#330=FACE_OUTER_BOUND('',#596,.T.);
#331=PLANE('',#597);
#332=FACE_OUTER_BOUND('',#598,.T.);
#333=PLANE('',#599);
#334=FACE_OUTER_BOUND('',#600,.T.);
#335=PLANE('',#601);
#336=FACE_OUTER_BOUND('',#602,.T.);
#337=PLANE('',#603);
#338=FACE_OUTER_BOUND('',#604,.T.);
#339=PLANE('',#605);
#340=FACE_OUTER_BOUND('',#606,.T.);
#341=PLANE('',#607);
#342=SURFACE_STYLE_FILL_AREA(#608);
#343=FACE_OUTER_BOUND('',#609,.T.);
#344=PLANE('',#610);
#345=FACE_OUTER_BOUND('',#611,.T.);
#346=PLANE('',#612);
#347=FACE_OUTER_BOUND('',#613,.T.);
#348=PLANE('',#614);
#349=FACE_OUTER_BOUND('',#615,.T.);
#350=PLANE('',#616);
#351=FACE_OUTER_BOUND('',#617,.T.);
#352=PLANE('',#618);
#353=FACE_OUTER_BOUND('',#619,.T.);
#354=PLANE('',#620);
#355=FACE_OUTER_BOUND('',#621,.T.);
#356=PLANE('',#622);
#357=FACE_OUTER_BOUND('',#623,.T.);
#358=PLANE('',#624);
#359=FACE_OUTER_BOUND('',#625,.T.);
#360=PLANE('',#626);
#361=FACE_OUTER_BOUND('',#627,.T.);
#362=PLANE('',#628);
#363=FACE_OUTER_BOUND('',#629,.T.);
#364=PLANE('',#630);
#365=FACE_OUTER_BOUND('',#631,.T.);
#366=PLANE('',#632);
#367=FACE_OUTER_BOUND('',#633,.T.);
#368=PLANE('',#634);
#369=FACE_OUTER_BOUND('',#635,.T.);
#370=PLANE('',#636);
#371=FACE_OUTER_BOUND('',#637,.T.);
#372=PLANE('',#638);
#373=FACE_OUTER_BOUND('',#639,.T.);
#374=PLANE('',#640);
#375=FACE_OUTER_BOUND('',#641,.T.);
#376=PLANE('',#642);
#377=FACE_OUTER_BOUND('',#643,.T.);
#378=PLANE('',#644);
#379=FACE_OUTER_BOUND('',#645,.T.);
#380=PLANE('',#646);
#381=FACE_OUTER_BOUND('',#647,.T.);
#382=PLANE('',#648);
#383=FACE_BOUND('',#649,.T.);
#384=FACE_OUTER_BOUND('',#650,.T.);
#385=PLANE('',#651);
#386=FACE_BOUND('',#652,.T.);
#387=FACE_OUTER_BOUND('',#653,.T.);
#388=PLANE('',#654);
#389=SURFACE_STYLE_FILL_AREA(#655);
#390=FACE_OUTER_BOUND('',#656,.T.);
#391=PLANE('',#657);
#392=FACE_OUTER_BOUND('',#658,.T.);
#393=PLANE('',#659);
#394=FACE_OUTER_BOUND('',#660,.T.);
#395=PLANE('',#661);
#396=FACE_OUTER_BOUND('',#662,.T.);
#397=PLANE('',#663);
#398=FACE_OUTER_BOUND('',#664,.T.);
#399=PLANE('',#665);
#400=SURFACE_STYLE_FILL_AREA(#666);
#401=FACE_OUTER_BOUND('',#667,.T.);
#402=PLANE('',#668);
#403=FACE_OUTER_BOUND('',#669,.T.);
#404=PLANE('',#670);
#405=FACE_OUTER_BOUND('',#671,.T.);
#406=PLANE('',#672);
#407=FACE_OUTER_BOUND('',#673,.T.);
#408=PLANE('',#674);
#409=FACE_OUTER_BOUND('',#675,.T.);
#410=PLANE('',#676);
#411=FACE_OUTER_BOUND('',#677,.T.);
#412=PLANE('',#678);
#413=FACE_OUTER_BOUND('',#679,.T.);
#414=PLANE('',#680);
#415=FACE_OUTER_BOUND('',#681,.T.);
#416=PLANE('',#682);
#417=FACE_OUTER_BOUND('',#683,.T.);
#418=PLANE('',#684);
#419=FACE_OUTER_BOUND('',#685,.T.);
#420=PLANE('',#686);
#421=FACE_OUTER_BOUND('',#687,.T.);
#422=PLANE('',#688);
#423=FACE_OUTER_BOUND('',#689,.T.);
#424=PLANE('',#690);
#425=FACE_OUTER_BOUND('',#691,.T.);
#426=PLANE('',#692);
#427=FACE_OUTER_BOUND('',#693,.T.);
#428=PLANE('',#694);
#429=FACE_OUTER_BOUND('',#695,.T.);
#430=PLANE('',#696);
#431=FACE_OUTER_BOUND('',#697,.T.);
#432=PLANE('',#698);
#433=FACE_OUTER_BOUND('',#699,.T.);
#434=PLANE('',#700);
#435=FACE_OUTER_BOUND('',#701,.T.);
#436=PLANE('',#702);
#437=FACE_OUTER_BOUND('',#703,.T.);
#438=PLANE('',#704);
#439=FACE_OUTER_BOUND('',#705,.T.);
#440=PLANE('',#706);
#441=FACE_BOUND('',#707,.T.);
#442=FACE_OUTER_BOUND('',#708,.T.);
#443=PLANE('',#709);
#444=FACE_BOUND('',#710,.T.);
#445=FACE_OUTER_BOUND('',#711,.T.);
#446=PLANE('',#712);
#447=SURFACE_STYLE_FILL_AREA(#713);
#448=FACE_OUTER_BOUND('',#714,.T.);
#449=PLANE('',#715);
#450=FACE_OUTER_BOUND('',#716,.T.);
#451=PLANE('',#717);
#452=FACE_OUTER_BOUND('',#718,.T.);
#453=PLANE('',#719);
#454=FACE_OUTER_BOUND('',#720,.T.);
#455=PLANE('',#721);
#456=FACE_OUTER_BOUND('',#722,.T.);
#457=PLANE('',#723);
#458=SURFACE_STYLE_FILL_AREA(#724);
#459=FACE_OUTER_BOUND('',#725,.T.);
#460=PLANE('',#726);
#461=FACE_OUTER_BOUND('',#727,.T.);
#462=PLANE('',#728);
#463=FACE_OUTER_BOUND('',#729,.T.);
#464=PLANE('',#730);
#465=FACE_OUTER_BOUND('',#731,.T.);
#466=PLANE('',#732);
#467=FACE_OUTER_BOUND('',#733,.T.);
#468=PLANE('',#734);
#469=FACE_OUTER_BOUND('',#735,.T.);
#470=PLANE('',#736);
#471=FACE_OUTER_BOUND('',#737,.T.);
#472=PLANE('',#738);
#473=FACE_OUTER_BOUND('',#739,.T.);
#474=PLANE('',#740);
#475=FACE_OUTER_BOUND('',#741,.T.);
#476=PLANE('',#742);
#477=FACE_OUTER_BOUND('',#743,.T.);
#478=PLANE('',#744);
#479=FACE_OUTER_BOUND('',#745,.T.);
#480=PLANE('',#746);
#481=FACE_OUTER_BOUND('',#747,.T.);
#482=PLANE('',#748);
#483=FACE_OUTER_BOUND('',#749,.T.);
#484=PLANE('',#750);
#485=FACE_OUTER_BOUND('',#751,.T.);
#486=PLANE('',#752);
#487=FACE_OUTER_BOUND('',#753,.T.);
#488=PLANE('',#754);
#489=FACE_OUTER_BOUND('',#755,.T.);
#490=PLANE('',#756);
#491=FACE_OUTER_BOUND('',#757,.T.);
#492=PLANE('',#758);
#493=FACE_OUTER_BOUND('',#759,.T.);
#494=PLANE('',#760);
#495=FACE_OUTER_BOUND('',#761,.T.);
#496=PLANE('',#762);
#497=FACE_OUTER_BOUND('',#763,.T.);
#498=PLANE('',#764);
#499=FACE_BOUND('',#765,.T.);
#500=FACE_OUTER_BOUND('',#766,.T.);
#501=PLANE('',#767);
#502=FACE_BOUND('',#768,.T.);
#503=FACE_OUTER_BOUND('',#769,.T.);
#504=PLANE('',#770);
#505=SURFACE_STYLE_FILL_AREA(#771);
#506=FACE_OUTER_BOUND('',#772,.T.);
#507=PLANE('',#773);
#508=FACE_OUTER_BOUND('',#774,.T.);
#509=PLANE('',#775);
#510=FACE_OUTER_BOUND('',#776,.T.);
#511=PLANE('',#777);
#512=FACE_OUTER_BOUND('',#778,.T.);
#513=PLANE('',#779);
#514=FACE_OUTER_BOUND('',#780,.T.);
#515=PLANE('',#781);
#516=SURFACE_STYLE_FILL_AREA(#782);
#517=FACE_OUTER_BOUND('',#783,.T.);
#518=PLANE('',#784);
#519=FACE_OUTER_BOUND('',#785,.T.);
#520=PLANE('',#786);
#521=FACE_OUTER_BOUND('',#787,.T.);
#522=PLANE('',#788);
#523=FACE_OUTER_BOUND('',#789,.T.);
#524=PLANE('',#790);
#525=FACE_OUTER_BOUND('',#791,.T.);
#526=PLANE('',#792);
#527=FACE_OUTER_BOUND('',#793,.T.);
#528=PLANE('',#794);
#529=FACE_OUTER_BOUND('',#795,.T.);
#530=PLANE('',#796);
#531=FACE_OUTER_BOUND('',#797,.T.);
#532=PLANE('',#798);
#533=FACE_OUTER_BOUND('',#799,.T.);
#534=PLANE('',#800);
#535=FACE_OUTER_BOUND('',#801,.T.);
#536=PLANE('',#802);
#537=FACE_OUTER_BOUND('',#803,.T.);
#538=PLANE('',#804);
#539=FACE_OUTER_BOUND('',#805,.T.);
#540=PLANE('',#806);
#541=FACE_OUTER_BOUND('',#807,.T.);
#542=PLANE('',#808);
#543=FACE_OUTER_BOUND('',#809,.T.);
#544=PLANE('',#810);
#545=FACE_OUTER_BOUND('',#811,.T.);
#546=PLANE('',#812);
#547=FACE_OUTER_BOUND('',#813,.T.);
#548=PLANE('',#814);
#549=FACE_OUTER_BOUND('',#815,.T.);
#550=PLANE('',#816);
#551=FACE_OUTER_BOUND('',#817,.T.);
#552=PLANE('',#818);
#553=FACE_OUTER_BOUND('',#819,.T.);
#554=PLANE('',#820);
#555=FACE_OUTER_BOUND('',#821,.T.);
#556=PLANE('',#822);
#557=FACE_BOUND('',#823,.T.);
#558=FACE_OUTER_BOUND('',#824,.T.);
#559=PLANE('',#825);
#560=FACE_BOUND('',#826,.T.);
#561=FACE_OUTER_BOUND('',#827,.T.);
#562=PLANE('',#828);
#563=SURFACE_STYLE_FILL_AREA(#829);
#564=FACE_OUTER_BOUND('',#830,.T.);
#565=PLANE('',#831);
#566=FACE_OUTER_BOUND('',#832,.T.);
#567=PLANE('',#833);
#568=FACE_OUTER_BOUND('',#834,.T.);
#569=PLANE('',#835);
#570=FACE_OUTER_BOUND('',#836,.T.);
#571=PLANE('',#837);
#572=FACE_OUTER_BOUND('',#838,.T.);
#573=PLANE('',#839);
#574=FACE_BOUND('',#840,.T.);
#575=PLANE('',#841);
#576=FACE_BOUND('',#842,.T.);
#577=PLANE('',#843);
#578=FACE_BOUND('',#844,.T.);
#579=PLANE('',#845);
#580=FACE_BOUND('',#846,.T.);
#581=PLANE('',#847);
#582=FILL_AREA_STYLE('',(#848));
#583=EDGE_LOOP('',(#849,#850,#851,#852));
#584=AXIS2_PLACEMENT_3D('',#853,#854,#855);
#585=EDGE_LOOP('',(#856,#857,#858,#859));
#586=AXIS2_PLACEMENT_3D('',#860,#861,#862);
#587=EDGE_LOOP('',(#863,#864,#865,#866));
#588=AXIS2_PLACEMENT_3D('',#867,#868,#869);
#589=EDGE_LOOP('',(#870,#871,#872,#873));
#590=AXIS2_PLACEMENT_3D('',#874,#875,#876);
#591=EDGE_LOOP('',(#877,#878,#879,#880));
#592=AXIS2_PLACEMENT_3D('',#881,#882,#883);
#593=EDGE_LOOP('',(#884,#885,#886,#887));
#594=AXIS2_PLACEMENT_3D('',#888,#889,#890);
#595=FILL_AREA_STYLE('',(#891));
#596=EDGE_LOOP('',(#892,#893,#894,#895));
#597=AXIS2_PLACEMENT_3D('',#896,#897,#898);
#598=EDGE_LOOP('',(#899,#900,#901,#902));
#599=AXIS2_PLACEMENT_3D('',#903,#904,#905);
#600=EDGE_LOOP('',(#906,#907,#908,#909));
#601=AXIS2_PLACEMENT_3D('',#910,#911,#912);
#602=EDGE_LOOP('',(#913,#914,#915,#916));
#603=AXIS2_PLACEMENT_3D('',#917,#918,#919);
#604=EDGE_LOOP('',(#920,#921,#922,#923));
#605=AXIS2_PLACEMENT_3D('',#924,#925,#926);
#606=EDGE_LOOP('',(#927,#928,#929,#930));
#607=AXIS2_PLACEMENT_3D('',#931,#932,#933);
#608=FILL_AREA_STYLE('',(#934));
#609=EDGE_LOOP('',(#935,#936,#937,#938));
#610=AXIS2_PLACEMENT_3D('',#939,#940,#941);
#611=EDGE_LOOP('',(#942,#943,#944,#945));
#612=AXIS2_PLACEMENT_3D('',#946,#947,#948);
#613=EDGE_LOOP('',(#949,#950,#951,#952));
#614=AXIS2_PLACEMENT_3D('',#953,#954,#955);
#615=EDGE_LOOP('',(#956,#957,#958,#959));
#616=AXIS2_PLACEMENT_3D('',#960,#961,#962);
#617=EDGE_LOOP('',(#963,#964,#965,#966));
#618=AXIS2_PLACEMENT_3D('',#967,#968,#969);
#619=EDGE_LOOP('',(#970,#971,#972,#973));
#620=AXIS2_PLACEMENT_3D('',#974,#975,#976);
#621=EDGE_LOOP('',(#977,#978,#979,#980));
#622=AXIS2_PLACEMENT_3D('',#981,#982,#983);
#623=EDGE_LOOP('',(#984,#985,#986,#987));
#624=AXIS2_PLACEMENT_3D('',#988,#989,#990);
#625=EDGE_LOOP('',(#991,#992,#993,#994));
#626=AXIS2_PLACEMENT_3D('',#995,#996,#997);
#627=EDGE_LOOP('',(#998,#999,#1000,#1001));
#628=AXIS2_PLACEMENT_3D('',#1002,#1003,#1004);
#629=EDGE_LOOP('',(#1005,#1006,#1007,#1008));
#630=AXIS2_PLACEMENT_3D('',#1009,#1010,#1011);
#631=EDGE_LOOP('',(#1012,#1013,#1014,#1015));
#632=AXIS2_PLACEMENT_3D('',#1016,#1017,#1018);
#633=EDGE_LOOP('',(#1019,#1020,#1021,#1022));
#634=AXIS2_PLACEMENT_3D('',#1023,#1024,#1025);
#635=EDGE_LOOP('',(#1026,#1027,#1028,#1029));
#636=AXIS2_PLACEMENT_3D('',#1030,#1031,#1032);
#637=EDGE_LOOP('',(#1033,#1034,#1035,#1036));
#638=AXIS2_PLACEMENT_3D('',#1037,#1038,#1039);
#639=EDGE_LOOP('',(#1040,#1041,#1042,#1043));
#640=AXIS2_PLACEMENT_3D('',#1044,#1045,#1046);
#641=EDGE_LOOP('',(#1047,#1048,#1049,#1050));
#642=AXIS2_PLACEMENT_3D('',#1051,#1052,#1053);
#643=EDGE_LOOP('',(#1054,#1055,#1056,#1057));
#644=AXIS2_PLACEMENT_3D('',#1058,#1059,#1060);
#645=EDGE_LOOP('',(#1061,#1062,#1063,#1064));
#646=AXIS2_PLACEMENT_3D('',#1065,#1066,#1067);
#647=EDGE_LOOP('',(#1068,#1069,#1070,#1071));
#648=AXIS2_PLACEMENT_3D('',#1072,#1073,#1074);
#649=EDGE_LOOP('',(#1075,#1076,#1077,#1078,#1079,#1080,#1081,#1082));
#650=EDGE_LOOP('',(#1083,#1084,#1085,#1086,#1087,#1088,#1089,#1090,#1091,#1092,#1093,#1094));
#651=AXIS2_PLACEMENT_3D('',#1095,#1096,#1097);
#652=EDGE_LOOP('',(#1098,#1099,#1100,#1101,#1102,#1103,#1104,#1105));
#653=EDGE_LOOP('',(#1106,#1107,#1108,#1109,#1110,#1111,#1112,#1113,#1114,#1115,#1116,#1117));
#654=AXIS2_PLACEMENT_3D('',#1118,#1119,#1120);
#655=FILL_AREA_STYLE('',(#1121));
#656=EDGE_LOOP('',(#1122,#1123,#1124,#1125));
#657=AXIS2_PLACEMENT_3D('',#1126,#1127,#1128);
#658=EDGE_LOOP('',(#1129,#1130,#1131,#1132));
#659=AXIS2_PLACEMENT_3D('',#1133,#1134,#1135);
#660=EDGE_LOOP('',(#1136,#1137,#1138));
#661=AXIS2_PLACEMENT_3D('',#1139,#1140,#1141);
#662=EDGE_LOOP('',(#1142,#1143,#1144));
#663=AXIS2_PLACEMENT_3D('',#1145,#1146,#1147);
#664=EDGE_LOOP('',(#1148,#1149,#1150,#1151));
#665=AXIS2_PLACEMENT_3D('',#1152,#1153,#1154);
#666=FILL_AREA_STYLE('',(#1155));
#667=EDGE_LOOP('',(#1156,#1157,#1158,#1159));
#668=AXIS2_PLACEMENT_3D('',#1160,#1161,#1162);
#669=EDGE_LOOP('',(#1163,#1164,#1165,#1166));
#670=AXIS2_PLACEMENT_3D('',#1167,#1168,#1169);
#671=EDGE_LOOP('',(#1170,#1171,#1172,#1173));
#672=AXIS2_PLACEMENT_3D('',#1174,#1175,#1176);
#673=EDGE_LOOP('',(#1177,#1178,#1179,#1180));
#674=AXIS2_PLACEMENT_3D('',#1181,#1182,#1183);
#675=EDGE_LOOP('',(#1184,#1185,#1186,#1187));
#676=AXIS2_PLACEMENT_3D('',#1188,#1189,#1190);
#677=EDGE_LOOP('',(#1191,#1192,#1193,#1194));
#678=AXIS2_PLACEMENT_3D('',#1195,#1196,#1197);
#679=EDGE_LOOP('',(#1198,#1199,#1200,#1201));
#680=AXIS2_PLACEMENT_3D('',#1202,#1203,#1204);
#681=EDGE_LOOP('',(#1205,#1206,#1207,#1208));
#682=AXIS2_PLACEMENT_3D('',#1209,#1210,#1211);
#683=EDGE_LOOP('',(#1212,#1213,#1214,#1215));
#684=AXIS2_PLACEMENT_3D('',#1216,#1217,#1218);
#685=EDGE_LOOP('',(#1219,#1220,#1221,#1222));
#686=AXIS2_PLACEMENT_3D('',#1223,#1224,#1225);
#687=EDGE_LOOP('',(#1226,#1227,#1228,#1229));
#688=AXIS2_PLACEMENT_3D('',#1230,#1231,#1232);
#689=EDGE_LOOP('',(#1233,#1234,#1235,#1236));
#690=AXIS2_PLACEMENT_3D('',#1237,#1238,#1239);
#691=EDGE_LOOP('',(#1240,#1241,#1242,#1243));
#692=AXIS2_PLACEMENT_3D('',#1244,#1245,#1246);
#693=EDGE_LOOP('',(#1247,#1248,#1249,#1250));
#694=AXIS2_PLACEMENT_3D('',#1251,#1252,#1253);
#695=EDGE_LOOP('',(#1254,#1255,#1256,#1257));
#696=AXIS2_PLACEMENT_3D('',#1258,#1259,#1260);
#697=EDGE_LOOP('',(#1261,#1262,#1263,#1264));
#698=AXIS2_PLACEMENT_3D('',#1265,#1266,#1267);
#699=EDGE_LOOP('',(#1268,#1269,#1270,#1271));
#700=AXIS2_PLACEMENT_3D('',#1272,#1273,#1274);
#701=EDGE_LOOP('',(#1275,#1276,#1277,#1278));
#702=AXIS2_PLACEMENT_3D('',#1279,#1280,#1281);
#703=EDGE_LOOP('',(#1282,#1283,#1284,#1285));
#704=AXIS2_PLACEMENT_3D('',#1286,#1287,#1288);
#705=EDGE_LOOP('',(#1289,#1290,#1291,#1292));
#706=AXIS2_PLACEMENT_3D('',#1293,#1294,#1295);
#707=EDGE_LOOP('',(#1296,#1297,#1298,#1299,#1300,#1301,#1302,#1303));
#708=EDGE_LOOP('',(#1304,#1305,#1306,#1307,#1308,#1309,#1310,#1311,#1312,#1313,#1314,#1315));
#709=AXIS2_PLACEMENT_3D('',#1316,#1317,#1318);
#710=EDGE_LOOP('',(#1319,#1320,#1321,#1322,#1323,#1324,#1325,#1326));
#711=EDGE_LOOP('',(#1327,#1328,#1329,#1330,#1331,#1332,#1333,#1334,#1335,#1336,#1337,#1338));
#712=AXIS2_PLACEMENT_3D('',#1339,#1340,#1341);
#713=FILL_AREA_STYLE('',(#1342));
#714=EDGE_LOOP('',(#1343,#1344,#1345,#1346));
#715=AXIS2_PLACEMENT_3D('',#1347,#1348,#1349);
#716=EDGE_LOOP('',(#1350,#1351,#1352,#1353));
#717=AXIS2_PLACEMENT_3D('',#1354,#1355,#1356);
#718=EDGE_LOOP('',(#1357,#1358,#1359));
#719=AXIS2_PLACEMENT_3D('',#1360,#1361,#1362);
#720=EDGE_LOOP('',(#1363,#1364,#1365));
#721=AXIS2_PLACEMENT_3D('',#1366,#1367,#1368);
#722=EDGE_LOOP('',(#1369,#1370,#1371,#1372));
#723=AXIS2_PLACEMENT_3D('',#1373,#1374,#1375);
#724=FILL_AREA_STYLE('',(#1376));
#725=EDGE_LOOP('',(#1377,#1378,#1379,#1380));
#726=AXIS2_PLACEMENT_3D('',#1381,#1382,#1383);
#727=EDGE_LOOP('',(#1384,#1385,#1386,#1387));
#728=AXIS2_PLACEMENT_3D('',#1388,#1389,#1390);
#729=EDGE_LOOP('',(#1391,#1392,#1393,#1394));
#730=AXIS2_PLACEMENT_3D('',#1395,#1396,#1397);
#731=EDGE_LOOP('',(#1398,#1399,#1400,#1401));
#732=AXIS2_PLACEMENT_3D('',#1402,#1403,#1404);
#733=EDGE_LOOP('',(#1405,#1406,#1407,#1408));
#734=AXIS2_PLACEMENT_3D('',#1409,#1410,#1411);
#735=EDGE_LOOP('',(#1412,#1413,#1414,#1415));
#736=AXIS2_PLACEMENT_3D('',#1416,#1417,#1418);
#737=EDGE_LOOP('',(#1419,#1420,#1421,#1422));
#738=AXIS2_PLACEMENT_3D('',#1423,#1424,#1425);
#739=EDGE_LOOP('',(#1426,#1427,#1428,#1429));
#740=AXIS2_PLACEMENT_3D('',#1430,#1431,#1432);
#741=EDGE_LOOP('',(#1433,#1434,#1435,#1436));
#742=AXIS2_PLACEMENT_3D('',#1437,#1438,#1439);
#743=EDGE_LOOP('',(#1440,#1441,#1442,#1443));
#744=AXIS2_PLACEMENT_3D('',#1444,#1445,#1446);
#745=EDGE_LOOP('',(#1447,#1448,#1449,#1450));
#746=AXIS2_PLACEMENT_3D('',#1451,#1452,#1453);
#747=EDGE_LOOP('',(#1454,#1455,#1456,#1457));
#748=AXIS2_PLACEMENT_3D('',#1458,#1459,#1460);
#749=EDGE_LOOP('',(#1461,#1462,#1463,#1464));
#750=AXIS2_PLACEMENT_3D('',#1465,#1466,#1467);
#751=EDGE_LOOP('',(#1468,#1469,#1470,#1471));
#752=AXIS2_PLACEMENT_3D('',#1472,#1473,#1474);
#753=EDGE_LOOP('',(#1475,#1476,#1477,#1478));
#754=AXIS2_PLACEMENT_3D('',#1479,#1480,#1481);
#755=EDGE_LOOP('',(#1482,#1483,#1484,#1485));
#756=AXIS2_PLACEMENT_3D('',#1486,#1487,#1488);
#757=EDGE_LOOP('',(#1489,#1490,#1491,#1492));
#758=AXIS2_PLACEMENT_3D('',#1493,#1494,#1495);
#759=EDGE_LOOP('',(#1496,#1497,#1498,#1499));
#760=AXIS2_PLACEMENT_3D('',#1500,#1501,#1502);
#761=EDGE_LOOP('',(#1503,#1504,#1505,#1506));
#762=AXIS2_PLACEMENT_3D('',#1507,#1508,#1509);
#763=EDGE_LOOP('',(#1510,#1511,#1512,#1513));
#764=AXIS2_PLACEMENT_3D('',#1514,#1515,#1516);
#765=EDGE_LOOP('',(#1517,#1518,#1519,#1520,#1521,#1522,#1523,#1524));
#766=EDGE_LOOP('',(#1525,#1526,#1527,#1528,#1529,#1530,#1531,#1532,#1533,#1534,#1535,#1536));
#767=AXIS2_PLACEMENT_3D('',#1537,#1538,#1539);
#768=EDGE_LOOP('',(#1540,#1541,#1542,#1543,#1544,#1545,#1546,#1547));
#769=EDGE_LOOP('',(#1548,#1549,#1550,#1551,#1552,#1553,#1554,#1555,#1556,#1557,#1558,#1559));
#770=AXIS2_PLACEMENT_3D('',#1560,#1561,#1562);
#771=FILL_AREA_STYLE('',(#1563));
#772=EDGE_LOOP('',(#1564,#1565,#1566,#1567));
#773=AXIS2_PLACEMENT_3D('',#1568,#1569,#1570);
#774=EDGE_LOOP('',(#1571,#1572,#1573,#1574));
#775=AXIS2_PLACEMENT_3D('',#1575,#1576,#1577);
#776=EDGE_LOOP('',(#1578,#1579,#1580));
#777=AXIS2_PLACEMENT_3D('',#1581,#1582,#1583);
#778=EDGE_LOOP('',(#1584,#1585,#1586));
#779=AXIS2_PLACEMENT_3D('',#1587,#1588,#1589);
#780=EDGE_LOOP('',(#1590,#1591,#1592,#1593));
#781=AXIS2_PLACEMENT_3D('',#1594,#1595,#1596);
#782=FILL_AREA_STYLE('',(#1597));
#783=EDGE_LOOP('',(#1598,#1599,#1600,#1601));
#784=AXIS2_PLACEMENT_3D('',#1602,#1603,#1604);
#785=EDGE_LOOP('',(#1605,#1606,#1607,#1608));
#786=AXIS2_PLACEMENT_3D('',#1609,#1610,#1611);
#787=EDGE_LOOP('',(#1612,#1613,#1614,#1615));
#788=AXIS2_PLACEMENT_3D('',#1616,#1617,#1618);
#789=EDGE_LOOP('',(#1619,#1620,#1621,#1622));
#790=AXIS2_PLACEMENT_3D('',#1623,#1624,#1625);
#791=EDGE_LOOP('',(#1626,#1627,#1628,#1629));
#792=AXIS2_PLACEMENT_3D('',#1630,#1631,#1632);
#793=EDGE_LOOP('',(#1633,#1634,#1635,#1636));
#794=AXIS2_PLACEMENT_3D('',#1637,#1638,#1639);
#795=EDGE_LOOP('',(#1640,#1641,#1642,#1643));
#796=AXIS2_PLACEMENT_3D('',#1644,#1645,#1646);
#797=EDGE_LOOP('',(#1647,#1648,#1649,#1650));
#798=AXIS2_PLACEMENT_3D('',#1651,#1652,#1653);
#799=EDGE_LOOP('',(#1654,#1655,#1656,#1657));
#800=AXIS2_PLACEMENT_3D('',#1658,#1659,#1660);
#801=EDGE_LOOP('',(#1661,#1662,#1663,#1664));
#802=AXIS2_PLACEMENT_3D('',#1665,#1666,#1667);
#803=EDGE_LOOP('',(#1668,#1669,#1670,#1671));
#804=AXIS2_PLACEMENT_3D('',#1672,#1673,#1674);
#805=EDGE_LOOP('',(#1675,#1676,#1677,#1678));
#806=AXIS2_PLACEMENT_3D('',#1679,#1680,#1681);
#807=EDGE_LOOP('',(#1682,#1683,#1684,#1685));
#808=AXIS2_PLACEMENT_3D('',#1686,#1687,#1688);
#809=EDGE_LOOP('',(#1689,#1690,#1691,#1692));
#810=AXIS2_PLACEMENT_3D('',#1693,#1694,#1695);
#811=EDGE_LOOP('',(#1696,#1697,#1698,#1699));
#812=AXIS2_PLACEMENT_3D('',#1700,#1701,#1702);
#813=EDGE_LOOP('',(#1703,#1704,#1705,#1706));
#814=AXIS2_PLACEMENT_3D('',#1707,#1708,#1709);
#815=EDGE_LOOP('',(#1710,#1711,#1712,#1713));
#816=AXIS2_PLACEMENT_3D('',#1714,#1715,#1716);
#817=EDGE_LOOP('',(#1717,#1718,#1719,#1720));
#818=AXIS2_PLACEMENT_3D('',#1721,#1722,#1723);
#819=EDGE_LOOP('',(#1724,#1725,#1726,#1727));
#820=AXIS2_PLACEMENT_3D('',#1728,#1729,#1730);
#821=EDGE_LOOP('',(#1731,#1732,#1733,#1734));
#822=AXIS2_PLACEMENT_3D('',#1735,#1736,#1737);
#823=EDGE_LOOP('',(#1738,#1739,#1740,#1741,#1742,#1743,#1744,#1745));
#824=EDGE_LOOP('',(#1746,#1747,#1748,#1749,#1750,#1751,#1752,#1753,#1754,#1755,#1756,#1757));
#825=AXIS2_PLACEMENT_3D('',#1758,#1759,#1760);
#826=EDGE_LOOP('',(#1761,#1762,#1763,#1764,#1765,#1766,#1767,#1768));
#827=EDGE_LOOP('',(#1769,#1770,#1771,#1772,#1773,#1774,#1775,#1776,#1777,#1778,#1779,#1780));
#828=AXIS2_PLACEMENT_3D('',#1781,#1782,#1783);
#829=FILL_AREA_STYLE('',(#1784));
#830=EDGE_LOOP('',(#1785,#1786,#1787,#1788));
#831=AXIS2_PLACEMENT_3D('',#1789,#1790,#1791);
#832=EDGE_LOOP('',(#1792,#1793,#1794,#1795));
#833=AXIS2_PLACEMENT_3D('',#1796,#1797,#1798);
#834=EDGE_LOOP('',(#1799,#1800,#1801));
#835=AXIS2_PLACEMENT_3D('',#1802,#1803,#1804);
#836=EDGE_LOOP('',(#1805,#1806,#1807));
#837=AXIS2_PLACEMENT_3D('',#1808,#1809,#1810);
#838=EDGE_LOOP('',(#1811,#1812,#1813,#1814));
#839=AXIS2_PLACEMENT_3D('',#1815,#1816,#1817);
#840=EDGE_LOOP('',(#1818,#1819,#1820,#1821));
#841=AXIS2_PLACEMENT_3D('',#1822,#1823,#1824);
#842=EDGE_LOOP('',(#1825,#1826,#1827,#1828));
#843=AXIS2_PLACEMENT_3D('',#1829,#1830,#1831);
#844=EDGE_LOOP('',(#1832,#1833,#1834,#1835));
#845=AXIS2_PLACEMENT_3D('',#1836,#1837,#1838);
#846=EDGE_LOOP('',(#1839,#1840,#1841,#1842));
#847=AXIS2_PLACEMENT_3D('',#1843,#1844,#1845);
#848=FILL_AREA_STYLE_COLOUR('',#1846);
#849=ORIENTED_EDGE('',*,*,#1847,.T.);
#850=ORIENTED_EDGE('',*,*,#1848,.T.);
#851=ORIENTED_EDGE('',*,*,#1849,.T.);
#852=ORIENTED_EDGE('',*,*,#1850,.T.);
#853=CARTESIAN_POINT('',(0.0,0.0,0.0));
#854=DIRECTION('',(0.0,0.0,1.0));
#855=DIRECTION('',(1.0,0.0,0.0));
#856=ORIENTED_EDGE('',*,*,#1851,.T.);
#857=ORIENTED_EDGE('',*,*,#1852,.T.);
#858=ORIENTED_EDGE('',*,*,#1853,.T.);
#859=ORIENTED_EDGE('',*,*,#1854,.T.);
#860=CARTESIAN_POINT('',(0.0,0.0,-0.0175));
#861=DIRECTION('',(0.0,0.0,1.0));
#862=DIRECTION('',(1.0,0.0,0.0));
#863=ORIENTED_EDGE('',*,*,#1855,.T.);
#864=ORIENTED_EDGE('',*,*,#1852,.F.);
#865=ORIENTED_EDGE('',*,*,#1856,.F.);
#866=ORIENTED_EDGE('',*,*,#1850,.F.);
#867=CARTESIAN_POINT('',(0.0,-4.0,-0.00875));
#868=DIRECTION('',(0.0,1.0,0.0));
#869=DIRECTION('',(0.0,0.0,1.0));
#870=ORIENTED_EDGE('',*,*,#1857,.T.);
#871=ORIENTED_EDGE('',*,*,#1853,.F.);
#872=ORIENTED_EDGE('',*,*,#1855,.F.);
#873=ORIENTED_EDGE('',*,*,#1849,.F.);
#874=CARTESIAN_POINT('',(-4.0,0.0,-0.00875));
#875=DIRECTION('',(1.0,0.0,0.0));
#876=DIRECTION('',(0.0,0.0,-1.0));
#877=ORIENTED_EDGE('',*,*,#1858,.T.);
#878=ORIENTED_EDGE('',*,*,#1854,.F.);
#879=ORIENTED_EDGE('',*,*,#1857,.F.);
#880=ORIENTED_EDGE('',*,*,#1848,.F.);
#881=CARTESIAN_POINT('',(0.0,4.0,-0.00875));
#882=DIRECTION('',(0.0,-1.0,0.0));
#883=DIRECTION('',(0.0,0.0,-1.0));
#884=ORIENTED_EDGE('',*,*,#1856,.T.);
#885=ORIENTED_EDGE('',*,*,#1851,.F.);
#886=ORIENTED_EDGE('',*,*,#1858,.F.);
#887=ORIENTED_EDGE('',*,*,#1847,.F.);
#888=CARTESIAN_POINT('',(4.0,0.0,-0.00875));
#889=DIRECTION('',(-1.0,0.0,0.0));
#890=DIRECTION('',(0.0,0.0,1.0));
#891=FILL_AREA_STYLE_COLOUR('',#1859);
#892=ORIENTED_EDGE('',*,*,#1860,.T.);
#893=ORIENTED_EDGE('',*,*,#1861,.T.);
#894=ORIENTED_EDGE('',*,*,#1862,.T.);
#895=ORIENTED_EDGE('',*,*,#1863,.T.);
#896=CARTESIAN_POINT('',(0.0,0.0,0.125));
#897=DIRECTION('',(0.0,0.0,1.0));
#898=DIRECTION('',(1.0,0.0,0.0));
#899=ORIENTED_EDGE('',*,*,#1864,.T.);
#900=ORIENTED_EDGE('',*,*,#1865,.T.);
#901=ORIENTED_EDGE('',*,*,#1866,.T.);
#902=ORIENTED_EDGE('',*,*,#1867,.T.);
#903=CARTESIAN_POINT('',(0.0,0.0,0.0));
#904=DIRECTION('',(0.0,0.0,1.0));
#905=DIRECTION('',(1.0,0.0,0.0));
#906=ORIENTED_EDGE('',*,*,#1868,.T.);
#907=ORIENTED_EDGE('',*,*,#1865,.F.);
#908=ORIENTED_EDGE('',*,*,#1869,.F.);
#909=ORIENTED_EDGE('',*,*,#1863,.F.);
#910=CARTESIAN_POINT('',(0.0,-4.0,0.0625));
#911=DIRECTION('',(0.0,1.0,0.0));
#912=DIRECTION('',(0.0,0.0,1.0));
#913=ORIENTED_EDGE('',*,*,#1870,.T.);
#914=ORIENTED_EDGE('',*,*,#1866,.F.);
#915=ORIENTED_EDGE('',*,*,#1868,.F.);
#916=ORIENTED_EDGE('',*,*,#1862,.F.);
#917=CARTESIAN_POINT('',(-4.0,0.0,0.0625));
#918=DIRECTION('',(1.0,0.0,0.0));
#919=DIRECTION('',(0.0,0.0,-1.0));
#920=ORIENTED_EDGE('',*,*,#1871,.T.);
#921=ORIENTED_EDGE('',*,*,#1867,.F.);
#922=ORIENTED_EDGE('',*,*,#1870,.F.);
#923=ORIENTED_EDGE('',*,*,#1861,.F.);
#924=CARTESIAN_POINT('',(0.0,4.0,0.0625));
#925=DIRECTION('',(0.0,-1.0,0.0));
#926=DIRECTION('',(0.0,0.0,-1.0));
#927=ORIENTED_EDGE('',*,*,#1869,.T.);
#928=ORIENTED_EDGE('',*,*,#1864,.F.);
#929=ORIENTED_EDGE('',*,*,#1871,.F.);
#930=ORIENTED_EDGE('',*,*,#1860,.F.);
#931=CARTESIAN_POINT('',(4.0,0.0,0.0625));
#932=DIRECTION('',(-1.0,0.0,0.0));
#933=DIRECTION('',(0.0,0.0,1.0));
#934=FILL_AREA_STYLE_COLOUR('',#1872);
#935=ORIENTED_EDGE('',*,*,#1873,.F.);
#936=ORIENTED_EDGE('',*,*,#1874,.F.);
#937=ORIENTED_EDGE('',*,*,#1875,.T.);
#938=ORIENTED_EDGE('',*,*,#1876,.F.);
#939=CARTESIAN_POINT('',(-2.52272077938642,-0.127279220613579,0.13375));
#940=DIRECTION('',(0.923879532511287,-0.38268343236509,-0.0));
#941=DIRECTION('',(-0.0,0.0,-1.0));
#942=ORIENTED_EDGE('',*,*,#1875,.F.);
#943=ORIENTED_EDGE('',*,*,#1877,.F.);
#944=ORIENTED_EDGE('',*,*,#1878,.T.);
#945=ORIENTED_EDGE('',*,*,#1879,.F.);
#946=CARTESIAN_POINT('',(-2.65,-0.18,0.13375));
#947=DIRECTION('',(0.38268343236509,-0.923879532511287,-0.0));
#948=DIRECTION('',(-0.0,0.0,-1.0));
#949=ORIENTED_EDGE('',*,*,#1878,.F.);
#950=ORIENTED_EDGE('',*,*,#1880,.F.);
#951=ORIENTED_EDGE('',*,*,#1881,.T.);
#952=ORIENTED_EDGE('',*,*,#1882,.F.);
#953=CARTESIAN_POINT('',(-2.77727922061358,-0.127279220613579,0.13375));
#954=DIRECTION('',(-0.38268343236509,-0.923879532511287,-0.0));
#955=DIRECTION('',(0.0,0.0,-1.0));
#956=ORIENTED_EDGE('',*,*,#1881,.F.);
#957=ORIENTED_EDGE('',*,*,#1883,.F.);
#958=ORIENTED_EDGE('',*,*,#1884,.T.);
#959=ORIENTED_EDGE('',*,*,#1885,.F.);
#960=CARTESIAN_POINT('',(-2.83,6.9144316737136E-17,0.13375));
#961=DIRECTION('',(-0.923879532511287,-0.38268343236509,-0.0));
#962=DIRECTION('',(0.0,0.0,-1.0));
#963=ORIENTED_EDGE('',*,*,#1884,.F.);
#964=ORIENTED_EDGE('',*,*,#1886,.F.);
#965=ORIENTED_EDGE('',*,*,#1887,.T.);
#966=ORIENTED_EDGE('',*,*,#1888,.F.);
#967=CARTESIAN_POINT('',(-2.77727922061358,0.127279220613579,0.13375));
#968=DIRECTION('',(-0.923879532511287,0.38268343236509,-0.0));
#969=DIRECTION('',(0.0,-0.0,-1.0));
#970=ORIENTED_EDGE('',*,*,#1887,.F.);
#971=ORIENTED_EDGE('',*,*,#1889,.F.);
#972=ORIENTED_EDGE('',*,*,#1890,.T.);
#973=ORIENTED_EDGE('',*,*,#1891,.F.);
#974=CARTESIAN_POINT('',(-2.65,0.18,0.13375));
#975=DIRECTION('',(-0.38268343236509,0.923879532511287,-0.0));
#976=DIRECTION('',(0.0,-0.0,-1.0));
#977=ORIENTED_EDGE('',*,*,#1890,.F.);
#978=ORIENTED_EDGE('',*,*,#1892,.F.);
#979=ORIENTED_EDGE('',*,*,#1893,.T.);
#980=ORIENTED_EDGE('',*,*,#1894,.F.);
#981=CARTESIAN_POINT('',(-2.52272077938642,0.127279220613579,0.13375));
#982=DIRECTION('',(0.38268343236509,0.923879532511287,0.0));
#983=DIRECTION('',(0.0,0.0,-1.0));
#984=ORIENTED_EDGE('',*,*,#1893,.F.);
#985=ORIENTED_EDGE('',*,*,#1895,.F.);
#986=ORIENTED_EDGE('',*,*,#1873,.T.);
#987=ORIENTED_EDGE('',*,*,#1896,.F.);
#988=CARTESIAN_POINT('',(-2.47,0.0,0.13375));
#989=DIRECTION('',(0.923879532511287,0.38268343236509,0.0));
#990=DIRECTION('',(0.0,0.0,-1.0));
#991=ORIENTED_EDGE('',*,*,#1897,.T.);
#992=ORIENTED_EDGE('',*,*,#1898,.F.);
#993=ORIENTED_EDGE('',*,*,#1899,.F.);
#994=ORIENTED_EDGE('',*,*,#1900,.F.);
#995=CARTESIAN_POINT('',(-2.4575,-2.2125,0.13375));
#996=DIRECTION('',(-1.0,0.0,0.0));
#997=DIRECTION('',(0.0,0.0,1.0));
#998=ORIENTED_EDGE('',*,*,#1901,.F.);
#999=ORIENTED_EDGE('',*,*,#1902,.T.);
#1000=ORIENTED_EDGE('',*,*,#1903,.F.);
#1001=ORIENTED_EDGE('',*,*,#1904,.F.);
#1002=CARTESIAN_POINT('',(-2.8425,-2.2125,0.13375));
#1003=DIRECTION('',(1.0,0.0,0.0));
#1004=DIRECTION('',(0.0,0.0,-1.0));
#1005=ORIENTED_EDGE('',*,*,#1904,.T.);
#1006=ORIENTED_EDGE('',*,*,#1905,.F.);
#1007=ORIENTED_EDGE('',*,*,#1897,.F.);
#1008=ORIENTED_EDGE('',*,*,#1906,.F.);
#1009=CARTESIAN_POINT('',(-2.65,-4.0,0.13375));
#1010=DIRECTION('',(0.0,1.0,0.0));
#1011=DIRECTION('',(0.0,0.0,1.0));
#1012=ORIENTED_EDGE('',*,*,#1907,.T.);
#1013=ORIENTED_EDGE('',*,*,#1908,.F.);
#1014=ORIENTED_EDGE('',*,*,#1909,.F.);
#1015=ORIENTED_EDGE('',*,*,#1910,.F.);
#1016=CARTESIAN_POINT('',(-2.2,0.0,0.13375));
#1017=DIRECTION('',(-1.0,0.0,0.0));
#1018=DIRECTION('',(0.0,0.0,1.0));
#1019=ORIENTED_EDGE('',*,*,#1909,.T.);
#1020=ORIENTED_EDGE('',*,*,#1911,.F.);
#1021=ORIENTED_EDGE('',*,*,#1912,.F.);
#1022=ORIENTED_EDGE('',*,*,#1913,.F.);
#1023=CARTESIAN_POINT('',(-2.65,0.425,0.13375));
#1024=DIRECTION('',(0.0,-1.0,0.0));
#1025=DIRECTION('',(0.0,0.0,-1.0));
#1026=ORIENTED_EDGE('',*,*,#1912,.T.);
#1027=ORIENTED_EDGE('',*,*,#1914,.F.);
#1028=ORIENTED_EDGE('',*,*,#1915,.F.);
#1029=ORIENTED_EDGE('',*,*,#1916,.F.);
#1030=CARTESIAN_POINT('',(-3.1,0.0,0.13375));
#1031=DIRECTION('',(1.0,0.0,0.0));
#1032=DIRECTION('',(0.0,0.0,-1.0));
#1033=ORIENTED_EDGE('',*,*,#1917,.T.);
#1034=ORIENTED_EDGE('',*,*,#1918,.F.);
#1035=ORIENTED_EDGE('',*,*,#1915,.T.);
#1036=ORIENTED_EDGE('',*,*,#1919,.F.);
#1037=CARTESIAN_POINT('',(-2.65,-0.425,0.13375));
#1038=DIRECTION('',(0.0,1.0,0.0));
#1039=DIRECTION('',(0.0,0.0,1.0));
#1040=ORIENTED_EDGE('',*,*,#1902,.F.);
#1041=ORIENTED_EDGE('',*,*,#1920,.F.);
#1042=ORIENTED_EDGE('',*,*,#1921,.T.);
#1043=ORIENTED_EDGE('',*,*,#1922,.F.);
#1044=CARTESIAN_POINT('',(-2.8925,-0.095,0.13375));
#1045=DIRECTION('',(0.0,-1.0,0.0));
#1046=DIRECTION('',(0.0,0.0,-1.0));
#1047=ORIENTED_EDGE('',*,*,#1921,.F.);
#1048=ORIENTED_EDGE('',*,*,#1923,.F.);
#1049=ORIENTED_EDGE('',*,*,#1917,.F.);
#1050=ORIENTED_EDGE('',*,*,#1924,.F.);
#1051=CARTESIAN_POINT('',(-2.9425,-0.26,0.13375));
#1052=DIRECTION('',(1.0,0.0,0.0));
#1053=DIRECTION('',(0.0,0.0,-1.0));
#1054=ORIENTED_EDGE('',*,*,#1925,.T.);
#1055=ORIENTED_EDGE('',*,*,#1926,.F.);
#1056=ORIENTED_EDGE('',*,*,#1907,.F.);
#1057=ORIENTED_EDGE('',*,*,#1927,.F.);
#1058=CARTESIAN_POINT('',(-2.65,-0.425,0.13375));
#1059=DIRECTION('',(0.0,1.0,0.0));
#1060=DIRECTION('',(0.0,0.0,1.0));
#1061=ORIENTED_EDGE('',*,*,#1925,.F.);
#1062=ORIENTED_EDGE('',*,*,#1928,.F.);
#1063=ORIENTED_EDGE('',*,*,#1929,.T.);
#1064=ORIENTED_EDGE('',*,*,#1930,.F.);
#1065=CARTESIAN_POINT('',(-2.3575,-0.26,0.13375));
#1066=DIRECTION('',(-1.0,0.0,0.0));
#1067=DIRECTION('',(0.0,0.0,1.0));
#1068=ORIENTED_EDGE('',*,*,#1929,.F.);
#1069=ORIENTED_EDGE('',*,*,#1931,.F.);
#1070=ORIENTED_EDGE('',*,*,#1899,.T.);
#1071=ORIENTED_EDGE('',*,*,#1932,.F.);
#1072=CARTESIAN_POINT('',(-2.4075,-0.095,0.13375));
#1073=DIRECTION('',(0.0,-1.0,0.0));
#1074=DIRECTION('',(0.0,0.0,-1.0));
#1075=ORIENTED_EDGE('',*,*,#1874,.T.);
#1076=ORIENTED_EDGE('',*,*,#1895,.T.);
#1077=ORIENTED_EDGE('',*,*,#1892,.T.);
#1078=ORIENTED_EDGE('',*,*,#1889,.T.);
#1079=ORIENTED_EDGE('',*,*,#1886,.T.);
#1080=ORIENTED_EDGE('',*,*,#1883,.T.);
#1081=ORIENTED_EDGE('',*,*,#1880,.T.);
#1082=ORIENTED_EDGE('',*,*,#1877,.T.);
#1083=ORIENTED_EDGE('',*,*,#1898,.T.);
#1084=ORIENTED_EDGE('',*,*,#1905,.T.);
#1085=ORIENTED_EDGE('',*,*,#1903,.T.);
#1086=ORIENTED_EDGE('',*,*,#1922,.T.);
#1087=ORIENTED_EDGE('',*,*,#1924,.T.);
#1088=ORIENTED_EDGE('',*,*,#1919,.T.);
#1089=ORIENTED_EDGE('',*,*,#1914,.T.);
#1090=ORIENTED_EDGE('',*,*,#1911,.T.);
#1091=ORIENTED_EDGE('',*,*,#1908,.T.);
#1092=ORIENTED_EDGE('',*,*,#1926,.T.);
#1093=ORIENTED_EDGE('',*,*,#1930,.T.);
#1094=ORIENTED_EDGE('',*,*,#1932,.T.);
#1095=CARTESIAN_POINT('',(-2.65,-2.2125,0.125));
#1096=DIRECTION('',(0.0,0.0,1.0));
#1097=DIRECTION('',(1.0,0.0,0.0));
#1098=ORIENTED_EDGE('',*,*,#1876,.T.);
#1099=ORIENTED_EDGE('',*,*,#1879,.T.);
#1100=ORIENTED_EDGE('',*,*,#1882,.T.);
#1101=ORIENTED_EDGE('',*,*,#1885,.T.);
#1102=ORIENTED_EDGE('',*,*,#1888,.T.);
#1103=ORIENTED_EDGE('',*,*,#1891,.T.);
#1104=ORIENTED_EDGE('',*,*,#1894,.T.);
#1105=ORIENTED_EDGE('',*,*,#1896,.T.);
#1106=ORIENTED_EDGE('',*,*,#1928,.T.);
#1107=ORIENTED_EDGE('',*,*,#1927,.T.);
#1108=ORIENTED_EDGE('',*,*,#1910,.T.);
#1109=ORIENTED_EDGE('',*,*,#1913,.T.);
#1110=ORIENTED_EDGE('',*,*,#1916,.T.);
#1111=ORIENTED_EDGE('',*,*,#1918,.T.);
#1112=ORIENTED_EDGE('',*,*,#1923,.T.);
#1113=ORIENTED_EDGE('',*,*,#1920,.T.);
#1114=ORIENTED_EDGE('',*,*,#1901,.T.);
#1115=ORIENTED_EDGE('',*,*,#1906,.T.);
#1116=ORIENTED_EDGE('',*,*,#1900,.T.);
#1117=ORIENTED_EDGE('',*,*,#1931,.T.);
#1118=CARTESIAN_POINT('',(-2.65,-2.2125,0.1425));
#1119=DIRECTION('',(0.0,0.0,1.0));
#1120=DIRECTION('',(1.0,0.0,0.0));
#1121=FILL_AREA_STYLE_COLOUR('',#1933);
#1122=ORIENTED_EDGE('',*,*,#1934,.T.);
#1123=ORIENTED_EDGE('',*,*,#1935,.F.);
#1124=ORIENTED_EDGE('',*,*,#1936,.F.);
#1125=ORIENTED_EDGE('',*,*,#1937,.T.);
#1126=CARTESIAN_POINT('',(-2.60500486732194,0.0536231110183284,0.13375));
#1127=DIRECTION('',(-0.342020143325668,0.939692620785909,0.0));
#1128=DIRECTION('',(0.0,0.0,-1.0));
#1129=ORIENTED_EDGE('',*,*,#1936,.T.);
#1130=ORIENTED_EDGE('',*,*,#1938,.F.);
#1131=ORIENTED_EDGE('',*,*,#1939,.F.);
#1132=ORIENTED_EDGE('',*,*,#1940,.T.);
#1133=CARTESIAN_POINT('',(-2.6260585899672,-0.0657784834550136,0.13375));
#1134=DIRECTION('',(0.984807753012208,-0.173648177666931,0.0));
#1135=DIRECTION('',(0.0,0.0,-1.0));
#1136=ORIENTED_EDGE('',*,*,#1938,.T.);
#1137=ORIENTED_EDGE('',*,*,#1935,.T.);
#1138=ORIENTED_EDGE('',*,*,#1941,.T.);
#1139=CARTESIAN_POINT('',(-2.6380292949836,-0.0328892417275068,0.1425));
#1140=DIRECTION('',(0.0,0.0,1.0));
#1141=DIRECTION('',(0.342020143325668,-0.939692620785909,0.0));
#1142=ORIENTED_EDGE('',*,*,#1940,.F.);
#1143=ORIENTED_EDGE('',*,*,#1942,.F.);
#1144=ORIENTED_EDGE('',*,*,#1937,.F.);
#1145=CARTESIAN_POINT('',(-2.6380292949836,-0.0328892417275068,0.125));
#1146=DIRECTION('',(0.0,0.0,-1.0));
#1147=DIRECTION('',(-0.342020143325668,0.939692620785909,0.0));
#1148=ORIENTED_EDGE('',*,*,#1939,.T.);
#1149=ORIENTED_EDGE('',*,*,#1941,.F.);
#1150=ORIENTED_EDGE('',*,*,#1934,.F.);
#1151=ORIENTED_EDGE('',*,*,#1942,.T.);
#1152=CARTESIAN_POINT('',(-2.71893654271085,0.0121553724366852,0.13375));
#1153=DIRECTION('',(-0.64278760968654,-0.766044443118978,-0.0));
#1154=DIRECTION('',(0.0,0.0,-1.0));
#1155=FILL_AREA_STYLE_COLOUR('',#1943);
#1156=ORIENTED_EDGE('',*,*,#1944,.F.);
#1157=ORIENTED_EDGE('',*,*,#1945,.F.);
#1158=ORIENTED_EDGE('',*,*,#1946,.T.);
#1159=ORIENTED_EDGE('',*,*,#1947,.F.);
#1160=CARTESIAN_POINT('',(0.127279220613578,-2.52272077938642,0.13375));
#1161=DIRECTION('',(0.38268343236509,0.923879532511287,0.0));
#1162=DIRECTION('',(0.0,-0.0,-1.0));
#1163=ORIENTED_EDGE('',*,*,#1946,.F.);
#1164=ORIENTED_EDGE('',*,*,#1948,.F.);
#1165=ORIENTED_EDGE('',*,*,#1949,.T.);
#1166=ORIENTED_EDGE('',*,*,#1950,.F.);
#1167=CARTESIAN_POINT('',(0.18,-2.65,0.13375));
#1168=DIRECTION('',(0.923879532511287,0.38268343236509,0.0));
#1169=DIRECTION('',(0.0,-0.0,-1.0));
#1170=ORIENTED_EDGE('',*,*,#1949,.F.);
#1171=ORIENTED_EDGE('',*,*,#1951,.F.);
#1172=ORIENTED_EDGE('',*,*,#1952,.T.);
#1173=ORIENTED_EDGE('',*,*,#1953,.F.);
#1174=CARTESIAN_POINT('',(0.127279220613578,-2.77727922061358,0.13375));
#1175=DIRECTION('',(0.923879532511287,-0.38268343236509,0.0));
#1176=DIRECTION('',(0.0,0.0,-1.0));
#1177=ORIENTED_EDGE('',*,*,#1952,.F.);
#1178=ORIENTED_EDGE('',*,*,#1954,.F.);
#1179=ORIENTED_EDGE('',*,*,#1955,.T.);
#1180=ORIENTED_EDGE('',*,*,#1956,.F.);
#1181=CARTESIAN_POINT('',(-2.42431838816486E-16,-2.83,0.13375));
#1182=DIRECTION('',(0.38268343236509,-0.923879532511287,0.0));
#1183=DIRECTION('',(0.0,0.0,-1.0));
#1184=ORIENTED_EDGE('',*,*,#1955,.F.);
#1185=ORIENTED_EDGE('',*,*,#1957,.F.);
#1186=ORIENTED_EDGE('',*,*,#1958,.T.);
#1187=ORIENTED_EDGE('',*,*,#1959,.F.);
#1188=CARTESIAN_POINT('',(-0.127279220613579,-2.77727922061358,0.13375));
#1189=DIRECTION('',(-0.38268343236509,-0.923879532511287,-0.0));
#1190=DIRECTION('',(0.0,0.0,-1.0));
#1191=ORIENTED_EDGE('',*,*,#1958,.F.);
#1192=ORIENTED_EDGE('',*,*,#1960,.F.);
#1193=ORIENTED_EDGE('',*,*,#1961,.T.);
#1194=ORIENTED_EDGE('',*,*,#1962,.F.);
#1195=CARTESIAN_POINT('',(-0.18,-2.65,0.13375));
#1196=DIRECTION('',(-0.923879532511287,-0.38268343236509,-0.0));
#1197=DIRECTION('',(0.0,0.0,-1.0));
#1198=ORIENTED_EDGE('',*,*,#1961,.F.);
#1199=ORIENTED_EDGE('',*,*,#1963,.F.);
#1200=ORIENTED_EDGE('',*,*,#1964,.T.);
#1201=ORIENTED_EDGE('',*,*,#1965,.F.);
#1202=CARTESIAN_POINT('',(-0.127279220613579,-2.52272077938642,0.13375));
#1203=DIRECTION('',(-0.923879532511287,0.38268343236509,0.0));
#1204=DIRECTION('',(0.0,0.0,-1.0));
#1205=ORIENTED_EDGE('',*,*,#1964,.F.);
#1206=ORIENTED_EDGE('',*,*,#1966,.F.);
#1207=ORIENTED_EDGE('',*,*,#1944,.T.);
#1208=ORIENTED_EDGE('',*,*,#1967,.F.);
#1209=CARTESIAN_POINT('',(-1.51243879694698E-16,-2.47,0.13375));
#1210=DIRECTION('',(-0.38268343236509,0.923879532511287,0.0));
#1211=DIRECTION('',(0.0,0.0,-1.0));
#1212=ORIENTED_EDGE('',*,*,#1968,.T.);
#1213=ORIENTED_EDGE('',*,*,#1969,.F.);
#1214=ORIENTED_EDGE('',*,*,#1970,.F.);
#1215=ORIENTED_EDGE('',*,*,#1971,.F.);
#1216=CARTESIAN_POINT('',(2.2125,-2.4575,0.13375));
#1217=DIRECTION('',(-6.12323399573676E-17,-1.0,0.0));
#1218=DIRECTION('',(0.0,0.0,1.0));
#1219=ORIENTED_EDGE('',*,*,#1972,.F.);
#1220=ORIENTED_EDGE('',*,*,#1973,.T.);
#1221=ORIENTED_EDGE('',*,*,#1974,.F.);
#1222=ORIENTED_EDGE('',*,*,#1975,.F.);
#1223=CARTESIAN_POINT('',(2.2125,-2.8425,0.13375));
#1224=DIRECTION('',(6.12323399573676E-17,1.0,0.0));
#1225=DIRECTION('',(0.0,0.0,-1.0));
#1226=ORIENTED_EDGE('',*,*,#1975,.T.);
#1227=ORIENTED_EDGE('',*,*,#1976,.F.);
#1228=ORIENTED_EDGE('',*,*,#1968,.F.);
#1229=ORIENTED_EDGE('',*,*,#1977,.F.);
#1230=CARTESIAN_POINT('',(4.0,-2.65,0.13375));
#1231=DIRECTION('',(-1.0,6.12323399573676E-17,0.0));
#1232=DIRECTION('',(0.0,0.0,1.0));
#1233=ORIENTED_EDGE('',*,*,#1978,.T.);
#1234=ORIENTED_EDGE('',*,*,#1979,.F.);
#1235=ORIENTED_EDGE('',*,*,#1980,.F.);
#1236=ORIENTED_EDGE('',*,*,#1981,.F.);
#1237=CARTESIAN_POINT('',(-1.34711147906209E-16,-2.2,0.13375));
#1238=DIRECTION('',(-6.12323399573676E-17,-1.0,0.0));
#1239=DIRECTION('',(0.0,0.0,1.0));
#1240=ORIENTED_EDGE('',*,*,#1980,.T.);
#1241=ORIENTED_EDGE('',*,*,#1982,.F.);
#1242=ORIENTED_EDGE('',*,*,#1983,.F.);
#1243=ORIENTED_EDGE('',*,*,#1984,.F.);
#1244=CARTESIAN_POINT('',(-0.425,-2.65,0.13375));
#1245=DIRECTION('',(1.0,-6.12323399573676E-17,0.0));
#1246=DIRECTION('',(0.0,0.0,-1.0));
#1247=ORIENTED_EDGE('',*,*,#1983,.T.);
#1248=ORIENTED_EDGE('',*,*,#1985,.F.);
#1249=ORIENTED_EDGE('',*,*,#1986,.F.);
#1250=ORIENTED_EDGE('',*,*,#1987,.F.);
#1251=CARTESIAN_POINT('',(-1.8982025386784E-16,-3.1,0.13375));
#1252=DIRECTION('',(6.12323399573676E-17,1.0,0.0));
#1253=DIRECTION('',(0.0,0.0,-1.0));
#1254=ORIENTED_EDGE('',*,*,#1988,.T.);
#1255=ORIENTED_EDGE('',*,*,#1989,.F.);
#1256=ORIENTED_EDGE('',*,*,#1986,.T.);
#1257=ORIENTED_EDGE('',*,*,#1990,.F.);
#1258=CARTESIAN_POINT('',(0.425,-2.65,0.13375));
#1259=DIRECTION('',(-1.0,6.12323399573676E-17,0.0));
#1260=DIRECTION('',(0.0,0.0,1.0));
#1261=ORIENTED_EDGE('',*,*,#1973,.F.);
#1262=ORIENTED_EDGE('',*,*,#1991,.F.);
#1263=ORIENTED_EDGE('',*,*,#1992,.T.);
#1264=ORIENTED_EDGE('',*,*,#1993,.F.);
#1265=CARTESIAN_POINT('',(0.0949999999999998,-2.8925,0.13375));
#1266=DIRECTION('',(1.0,-6.12323399573676E-17,0.0));
#1267=DIRECTION('',(0.0,0.0,-1.0));
#1268=ORIENTED_EDGE('',*,*,#1992,.F.);
#1269=ORIENTED_EDGE('',*,*,#1994,.F.);
#1270=ORIENTED_EDGE('',*,*,#1988,.F.);
#1271=ORIENTED_EDGE('',*,*,#1995,.F.);
#1272=CARTESIAN_POINT('',(0.26,-2.9425,0.13375));
#1273=DIRECTION('',(6.12323399573676E-17,1.0,0.0));
#1274=DIRECTION('',(0.0,0.0,-1.0));
#1275=ORIENTED_EDGE('',*,*,#1996,.T.);
#1276=ORIENTED_EDGE('',*,*,#1997,.F.);
#1277=ORIENTED_EDGE('',*,*,#1978,.F.);
#1278=ORIENTED_EDGE('',*,*,#1998,.F.);
#1279=CARTESIAN_POINT('',(0.425,-2.65,0.13375));
#1280=DIRECTION('',(-1.0,6.12323399573676E-17,0.0));
#1281=DIRECTION('',(0.0,0.0,1.0));
#1282=ORIENTED_EDGE('',*,*,#1996,.F.);
#1283=ORIENTED_EDGE('',*,*,#1999,.F.);
#1284=ORIENTED_EDGE('',*,*,#2000,.T.);
#1285=ORIENTED_EDGE('',*,*,#2001,.F.);
#1286=CARTESIAN_POINT('',(0.26,-2.3575,0.13375));
#1287=DIRECTION('',(-6.12323399573676E-17,-1.0,0.0));
#1288=DIRECTION('',(0.0,0.0,1.0));
#1289=ORIENTED_EDGE('',*,*,#2000,.F.);
#1290=ORIENTED_EDGE('',*,*,#2002,.F.);
#1291=ORIENTED_EDGE('',*,*,#1970,.T.);
#1292=ORIENTED_EDGE('',*,*,#2003,.F.);
#1293=CARTESIAN_POINT('',(0.0949999999999999,-2.4075,0.13375));
#1294=DIRECTION('',(1.0,-6.12323399573676E-17,0.0));
#1295=DIRECTION('',(0.0,0.0,-1.0));
#1296=ORIENTED_EDGE('',*,*,#1945,.T.);
#1297=ORIENTED_EDGE('',*,*,#1966,.T.);
#1298=ORIENTED_EDGE('',*,*,#1963,.T.);
#1299=ORIENTED_EDGE('',*,*,#1960,.T.);
#1300=ORIENTED_EDGE('',*,*,#1957,.T.);
#1301=ORIENTED_EDGE('',*,*,#1954,.T.);
#1302=ORIENTED_EDGE('',*,*,#1951,.T.);
#1303=ORIENTED_EDGE('',*,*,#1948,.T.);
#1304=ORIENTED_EDGE('',*,*,#1969,.T.);
#1305=ORIENTED_EDGE('',*,*,#1976,.T.);
#1306=ORIENTED_EDGE('',*,*,#1974,.T.);
#1307=ORIENTED_EDGE('',*,*,#1993,.T.);
#1308=ORIENTED_EDGE('',*,*,#1995,.T.);
#1309=ORIENTED_EDGE('',*,*,#1990,.T.);
#1310=ORIENTED_EDGE('',*,*,#1985,.T.);
#1311=ORIENTED_EDGE('',*,*,#1982,.T.);
#1312=ORIENTED_EDGE('',*,*,#1979,.T.);
#1313=ORIENTED_EDGE('',*,*,#1997,.T.);
#1314=ORIENTED_EDGE('',*,*,#2001,.T.);
#1315=ORIENTED_EDGE('',*,*,#2003,.T.);
#1316=CARTESIAN_POINT('',(2.2125,-2.65,0.125));
#1317=DIRECTION('',(0.0,-0.0,1.0));
#1318=DIRECTION('',(6.12323399573676E-17,1.0,0.0));
#1319=ORIENTED_EDGE('',*,*,#1947,.T.);
#1320=ORIENTED_EDGE('',*,*,#1950,.T.);
#1321=ORIENTED_EDGE('',*,*,#1953,.T.);
#1322=ORIENTED_EDGE('',*,*,#1956,.T.);
#1323=ORIENTED_EDGE('',*,*,#1959,.T.);
#1324=ORIENTED_EDGE('',*,*,#1962,.T.);
#1325=ORIENTED_EDGE('',*,*,#1965,.T.);
#1326=ORIENTED_EDGE('',*,*,#1967,.T.);
#1327=ORIENTED_EDGE('',*,*,#1999,.T.);
#1328=ORIENTED_EDGE('',*,*,#1998,.T.);
#1329=ORIENTED_EDGE('',*,*,#1981,.T.);
#1330=ORIENTED_EDGE('',*,*,#1984,.T.);
#1331=ORIENTED_EDGE('',*,*,#1987,.T.);
#1332=ORIENTED_EDGE('',*,*,#1989,.T.);
#1333=ORIENTED_EDGE('',*,*,#1994,.T.);
#1334=ORIENTED_EDGE('',*,*,#1991,.T.);
#1335=ORIENTED_EDGE('',*,*,#1972,.T.);
#1336=ORIENTED_EDGE('',*,*,#1977,.T.);
#1337=ORIENTED_EDGE('',*,*,#1971,.T.);
#1338=ORIENTED_EDGE('',*,*,#2002,.T.);
#1339=CARTESIAN_POINT('',(2.2125,-2.65,0.1425));
#1340=DIRECTION('',(0.0,-0.0,1.0));
#1341=DIRECTION('',(6.12323399573676E-17,1.0,0.0));
#1342=FILL_AREA_STYLE_COLOUR('',#2004);
#1343=ORIENTED_EDGE('',*,*,#2005,.T.);
#1344=ORIENTED_EDGE('',*,*,#2006,.F.);
#1345=ORIENTED_EDGE('',*,*,#2007,.F.);
#1346=ORIENTED_EDGE('',*,*,#2008,.T.);
#1347=CARTESIAN_POINT('',(-0.0536231110183286,-2.60500486732194,0.13375));
#1348=DIRECTION('',(-0.939692620785909,-0.342020143325668,-0.0));
#1349=DIRECTION('',(0.0,0.0,-1.0));
#1350=ORIENTED_EDGE('',*,*,#2007,.T.);
#1351=ORIENTED_EDGE('',*,*,#2009,.F.);
#1352=ORIENTED_EDGE('',*,*,#2010,.F.);
#1353=ORIENTED_EDGE('',*,*,#2011,.T.);
#1354=CARTESIAN_POINT('',(0.0657784834550134,-2.6260585899672,0.13375));
#1355=DIRECTION('',(0.173648177666931,0.984807753012208,0.0));
#1356=DIRECTION('',(0.0,0.0,-1.0));
#1357=ORIENTED_EDGE('',*,*,#2009,.T.);
#1358=ORIENTED_EDGE('',*,*,#2006,.T.);
#1359=ORIENTED_EDGE('',*,*,#2012,.T.);
#1360=CARTESIAN_POINT('',(0.0328892417275066,-2.6380292949836,0.1425));
#1361=DIRECTION('',(0.0,-0.0,1.0));
#1362=DIRECTION('',(0.939692620785909,0.342020143325668,0.0));
#1363=ORIENTED_EDGE('',*,*,#2011,.F.);
#1364=ORIENTED_EDGE('',*,*,#2013,.F.);
#1365=ORIENTED_EDGE('',*,*,#2008,.F.);
#1366=CARTESIAN_POINT('',(0.0328892417275066,-2.6380292949836,0.125));
#1367=DIRECTION('',(-0.0,0.0,-1.0));
#1368=DIRECTION('',(-0.939692620785909,-0.342020143325668,0.0));
#1369=ORIENTED_EDGE('',*,*,#2010,.T.);
#1370=ORIENTED_EDGE('',*,*,#2012,.F.);
#1371=ORIENTED_EDGE('',*,*,#2005,.F.);
#1372=ORIENTED_EDGE('',*,*,#2013,.T.);
#1373=CARTESIAN_POINT('',(-0.0121553724366853,-2.71893654271085,0.13375));
#1374=DIRECTION('',(0.766044443118978,-0.64278760968654,0.0));
#1375=DIRECTION('',(0.0,0.0,-1.0));
#1376=FILL_AREA_STYLE_COLOUR('',#2014);
#1377=ORIENTED_EDGE('',*,*,#2015,.F.);
#1378=ORIENTED_EDGE('',*,*,#2016,.F.);
#1379=ORIENTED_EDGE('',*,*,#2017,.T.);
#1380=ORIENTED_EDGE('',*,*,#2018,.F.);
#1381=CARTESIAN_POINT('',(2.52272077938642,0.127279220613578,0.13375));
#1382=DIRECTION('',(-0.923879532511287,0.38268343236509,0.0));
#1383=DIRECTION('',(0.0,0.0,-1.0));
#1384=ORIENTED_EDGE('',*,*,#2017,.F.);
#1385=ORIENTED_EDGE('',*,*,#2019,.F.);
#1386=ORIENTED_EDGE('',*,*,#2020,.T.);
#1387=ORIENTED_EDGE('',*,*,#2021,.F.);
#1388=CARTESIAN_POINT('',(2.65,0.18,0.13375));
#1389=DIRECTION('',(-0.38268343236509,0.923879532511287,0.0));
#1390=DIRECTION('',(0.0,0.0,-1.0));
#1391=ORIENTED_EDGE('',*,*,#2020,.F.);
#1392=ORIENTED_EDGE('',*,*,#2022,.F.);
#1393=ORIENTED_EDGE('',*,*,#2023,.T.);
#1394=ORIENTED_EDGE('',*,*,#2024,.F.);
#1395=CARTESIAN_POINT('',(2.77727922061358,0.127279220613578,0.13375));
#1396=DIRECTION('',(0.38268343236509,0.923879532511287,0.0));
#1397=DIRECTION('',(0.0,0.0,-1.0));
#1398=ORIENTED_EDGE('',*,*,#2023,.F.);
#1399=ORIENTED_EDGE('',*,*,#2025,.F.);
#1400=ORIENTED_EDGE('',*,*,#2026,.T.);
#1401=ORIENTED_EDGE('',*,*,#2027,.F.);
#1402=CARTESIAN_POINT('',(2.83,-4.15719360895837E-16,0.13375));
#1403=DIRECTION('',(0.923879532511287,0.38268343236509,0.0));
#1404=DIRECTION('',(0.0,0.0,-1.0));
#1405=ORIENTED_EDGE('',*,*,#2026,.F.);
#1406=ORIENTED_EDGE('',*,*,#2028,.F.);
#1407=ORIENTED_EDGE('',*,*,#2029,.T.);
#1408=ORIENTED_EDGE('',*,*,#2030,.F.);
#1409=CARTESIAN_POINT('',(2.77727922061358,-0.127279220613579,0.13375));
#1410=DIRECTION('',(0.923879532511287,-0.38268343236509,0.0));
#1411=DIRECTION('',(0.0,0.0,-1.0));
#1412=ORIENTED_EDGE('',*,*,#2029,.F.);
#1413=ORIENTED_EDGE('',*,*,#2031,.F.);
#1414=ORIENTED_EDGE('',*,*,#2032,.T.);
#1415=ORIENTED_EDGE('',*,*,#2033,.F.);
#1416=CARTESIAN_POINT('',(2.65,-0.18,0.13375));
#1417=DIRECTION('',(0.38268343236509,-0.923879532511287,0.0));
#1418=DIRECTION('',(0.0,0.0,-1.0));
#1419=ORIENTED_EDGE('',*,*,#2032,.F.);
#1420=ORIENTED_EDGE('',*,*,#2034,.F.);
#1421=ORIENTED_EDGE('',*,*,#2035,.T.);
#1422=ORIENTED_EDGE('',*,*,#2036,.F.);
#1423=CARTESIAN_POINT('',(2.52272077938642,-0.127279220613579,0.13375));
#1424=DIRECTION('',(-0.38268343236509,-0.923879532511287,-0.0));
#1425=DIRECTION('',(0.0,0.0,-1.0));
#1426=ORIENTED_EDGE('',*,*,#2035,.F.);
#1427=ORIENTED_EDGE('',*,*,#2037,.F.);
#1428=ORIENTED_EDGE('',*,*,#2015,.T.);
#1429=ORIENTED_EDGE('',*,*,#2038,.F.);
#1430=CARTESIAN_POINT('',(2.47,-3.02487759389396E-16,0.13375));
#1431=DIRECTION('',(-0.923879532511287,-0.38268343236509,-0.0));
#1432=DIRECTION('',(0.0,0.0,-1.0));
#1433=ORIENTED_EDGE('',*,*,#2039,.T.);
#1434=ORIENTED_EDGE('',*,*,#2040,.F.);
#1435=ORIENTED_EDGE('',*,*,#2041,.F.);
#1436=ORIENTED_EDGE('',*,*,#2042,.F.);
#1437=CARTESIAN_POINT('',(2.4575,2.2125,0.13375));
#1438=DIRECTION('',(1.0,-1.22464679914735E-16,0.0));
#1439=DIRECTION('',(0.0,0.0,1.0));
#1440=ORIENTED_EDGE('',*,*,#2043,.F.);
#1441=ORIENTED_EDGE('',*,*,#2044,.T.);
#1442=ORIENTED_EDGE('',*,*,#2045,.F.);
#1443=ORIENTED_EDGE('',*,*,#2046,.F.);
#1444=CARTESIAN_POINT('',(2.8425,2.2125,0.13375));
#1445=DIRECTION('',(-1.0,1.22464679914735E-16,0.0));
#1446=DIRECTION('',(0.0,0.0,-1.0));
#1447=ORIENTED_EDGE('',*,*,#2046,.T.);
#1448=ORIENTED_EDGE('',*,*,#2047,.F.);
#1449=ORIENTED_EDGE('',*,*,#2039,.F.);
#1450=ORIENTED_EDGE('',*,*,#2048,.F.);
#1451=CARTESIAN_POINT('',(2.65,4.0,0.13375));
#1452=DIRECTION('',(-1.22464679914735E-16,-1.0,0.0));
#1453=DIRECTION('',(0.0,0.0,1.0));
#1454=ORIENTED_EDGE('',*,*,#2049,.T.);
#1455=ORIENTED_EDGE('',*,*,#2050,.F.);
#1456=ORIENTED_EDGE('',*,*,#2051,.F.);
#1457=ORIENTED_EDGE('',*,*,#2052,.F.);
#1458=CARTESIAN_POINT('',(2.2,-2.69422295812418E-16,0.13375));
#1459=DIRECTION('',(1.0,-1.22464679914735E-16,0.0));
#1460=DIRECTION('',(0.0,0.0,1.0));
#1461=ORIENTED_EDGE('',*,*,#2051,.T.);
#1462=ORIENTED_EDGE('',*,*,#2053,.F.);
#1463=ORIENTED_EDGE('',*,*,#2054,.F.);
#1464=ORIENTED_EDGE('',*,*,#2055,.F.);
#1465=CARTESIAN_POINT('',(2.65,-0.425,0.13375));
#1466=DIRECTION('',(1.22464679914735E-16,1.0,0.0));
#1467=DIRECTION('',(0.0,0.0,-1.0));
#1468=ORIENTED_EDGE('',*,*,#2054,.T.);
#1469=ORIENTED_EDGE('',*,*,#2056,.F.);
#1470=ORIENTED_EDGE('',*,*,#2057,.F.);
#1471=ORIENTED_EDGE('',*,*,#2058,.F.);
#1472=CARTESIAN_POINT('',(3.1,-3.79640507735679E-16,0.13375));
#1473=DIRECTION('',(-1.0,1.22464679914735E-16,0.0));
#1474=DIRECTION('',(0.0,0.0,-1.0));
#1475=ORIENTED_EDGE('',*,*,#2059,.T.);
#1476=ORIENTED_EDGE('',*,*,#2060,.F.);
#1477=ORIENTED_EDGE('',*,*,#2057,.T.);
#1478=ORIENTED_EDGE('',*,*,#2061,.F.);
#1479=CARTESIAN_POINT('',(2.65,0.425,0.13375));
#1480=DIRECTION('',(-1.22464679914735E-16,-1.0,0.0));
#1481=DIRECTION('',(0.0,0.0,1.0));
#1482=ORIENTED_EDGE('',*,*,#2044,.F.);
#1483=ORIENTED_EDGE('',*,*,#2062,.F.);
#1484=ORIENTED_EDGE('',*,*,#2063,.T.);
#1485=ORIENTED_EDGE('',*,*,#2064,.F.);
#1486=CARTESIAN_POINT('',(2.8925,0.0949999999999997,0.13375));
#1487=DIRECTION('',(1.22464679914735E-16,1.0,0.0));
#1488=DIRECTION('',(0.0,0.0,-1.0));
#1489=ORIENTED_EDGE('',*,*,#2063,.F.);
#1490=ORIENTED_EDGE('',*,*,#2065,.F.);
#1491=ORIENTED_EDGE('',*,*,#2059,.F.);
#1492=ORIENTED_EDGE('',*,*,#2066,.F.);
#1493=CARTESIAN_POINT('',(2.9425,0.26,0.13375));
#1494=DIRECTION('',(-1.0,1.22464679914735E-16,0.0));
#1495=DIRECTION('',(0.0,0.0,-1.0));
#1496=ORIENTED_EDGE('',*,*,#2067,.T.);
#1497=ORIENTED_EDGE('',*,*,#2068,.F.);
#1498=ORIENTED_EDGE('',*,*,#2049,.F.);
#1499=ORIENTED_EDGE('',*,*,#2069,.F.);
#1500=CARTESIAN_POINT('',(2.65,0.425,0.13375));
#1501=DIRECTION('',(-1.22464679914735E-16,-1.0,0.0));
#1502=DIRECTION('',(0.0,0.0,1.0));
#1503=ORIENTED_EDGE('',*,*,#2067,.F.);
#1504=ORIENTED_EDGE('',*,*,#2070,.F.);
#1505=ORIENTED_EDGE('',*,*,#2071,.T.);
#1506=ORIENTED_EDGE('',*,*,#2072,.F.);
#1507=CARTESIAN_POINT('',(2.3575,0.26,0.13375));
#1508=DIRECTION('',(1.0,-1.22464679914735E-16,0.0));
#1509=DIRECTION('',(0.0,0.0,1.0));
#1510=ORIENTED_EDGE('',*,*,#2071,.F.);
#1511=ORIENTED_EDGE('',*,*,#2073,.F.);
#1512=ORIENTED_EDGE('',*,*,#2041,.T.);
#1513=ORIENTED_EDGE('',*,*,#2074,.F.);
#1514=CARTESIAN_POINT('',(2.4075,0.0949999999999997,0.13375));
#1515=DIRECTION('',(1.22464679914735E-16,1.0,0.0));
#1516=DIRECTION('',(0.0,0.0,-1.0));
#1517=ORIENTED_EDGE('',*,*,#2016,.T.);
#1518=ORIENTED_EDGE('',*,*,#2037,.T.);
#1519=ORIENTED_EDGE('',*,*,#2034,.T.);
#1520=ORIENTED_EDGE('',*,*,#2031,.T.);
#1521=ORIENTED_EDGE('',*,*,#2028,.T.);
#1522=ORIENTED_EDGE('',*,*,#2025,.T.);
#1523=ORIENTED_EDGE('',*,*,#2022,.T.);
#1524=ORIENTED_EDGE('',*,*,#2019,.T.);
#1525=ORIENTED_EDGE('',*,*,#2040,.T.);
#1526=ORIENTED_EDGE('',*,*,#2047,.T.);
#1527=ORIENTED_EDGE('',*,*,#2045,.T.);
#1528=ORIENTED_EDGE('',*,*,#2064,.T.);
#1529=ORIENTED_EDGE('',*,*,#2066,.T.);
#1530=ORIENTED_EDGE('',*,*,#2061,.T.);
#1531=ORIENTED_EDGE('',*,*,#2056,.T.);
#1532=ORIENTED_EDGE('',*,*,#2053,.T.);
#1533=ORIENTED_EDGE('',*,*,#2050,.T.);
#1534=ORIENTED_EDGE('',*,*,#2068,.T.);
#1535=ORIENTED_EDGE('',*,*,#2072,.T.);
#1536=ORIENTED_EDGE('',*,*,#2074,.T.);
#1537=CARTESIAN_POINT('',(2.65,2.2125,0.125));
#1538=DIRECTION('',(0.0,0.0,1.0));
#1539=DIRECTION('',(-1.0,1.22464679914735E-16,0.0));
#1540=ORIENTED_EDGE('',*,*,#2018,.T.);
#1541=ORIENTED_EDGE('',*,*,#2021,.T.);
#1542=ORIENTED_EDGE('',*,*,#2024,.T.);
#1543=ORIENTED_EDGE('',*,*,#2027,.T.);
#1544=ORIENTED_EDGE('',*,*,#2030,.T.);
#1545=ORIENTED_EDGE('',*,*,#2033,.T.);
#1546=ORIENTED_EDGE('',*,*,#2036,.T.);
#1547=ORIENTED_EDGE('',*,*,#2038,.T.);
#1548=ORIENTED_EDGE('',*,*,#2070,.T.);
#1549=ORIENTED_EDGE('',*,*,#2069,.T.);
#1550=ORIENTED_EDGE('',*,*,#2052,.T.);
#1551=ORIENTED_EDGE('',*,*,#2055,.T.);
#1552=ORIENTED_EDGE('',*,*,#2058,.T.);
#1553=ORIENTED_EDGE('',*,*,#2060,.T.);
#1554=ORIENTED_EDGE('',*,*,#2065,.T.);
#1555=ORIENTED_EDGE('',*,*,#2062,.T.);
#1556=ORIENTED_EDGE('',*,*,#2043,.T.);
#1557=ORIENTED_EDGE('',*,*,#2048,.T.);
#1558=ORIENTED_EDGE('',*,*,#2042,.T.);
#1559=ORIENTED_EDGE('',*,*,#2073,.T.);
#1560=CARTESIAN_POINT('',(2.65,2.2125,0.1425));
#1561=DIRECTION('',(0.0,0.0,1.0));
#1562=DIRECTION('',(-1.0,1.22464679914735E-16,0.0));
#1563=FILL_AREA_STYLE_COLOUR('',#2075);
#1564=ORIENTED_EDGE('',*,*,#2076,.T.);
#1565=ORIENTED_EDGE('',*,*,#2077,.F.);
#1566=ORIENTED_EDGE('',*,*,#2078,.F.);
#1567=ORIENTED_EDGE('',*,*,#2079,.T.);
#1568=CARTESIAN_POINT('',(2.60500486732194,-0.0536231110183287,0.13375));
#1569=DIRECTION('',(0.342020143325668,-0.939692620785909,0.0));
#1570=DIRECTION('',(0.0,0.0,-1.0));
#1571=ORIENTED_EDGE('',*,*,#2078,.T.);
#1572=ORIENTED_EDGE('',*,*,#2080,.F.);
#1573=ORIENTED_EDGE('',*,*,#2081,.F.);
#1574=ORIENTED_EDGE('',*,*,#2082,.T.);
#1575=CARTESIAN_POINT('',(2.6260585899672,0.0657784834550132,0.13375));
#1576=DIRECTION('',(-0.984807753012208,0.173648177666931,0.0));
#1577=DIRECTION('',(0.0,0.0,-1.0));
#1578=ORIENTED_EDGE('',*,*,#2080,.T.);
#1579=ORIENTED_EDGE('',*,*,#2077,.T.);
#1580=ORIENTED_EDGE('',*,*,#2083,.T.);
#1581=CARTESIAN_POINT('',(2.6380292949836,0.0328892417275065,0.1425));
#1582=DIRECTION('',(0.0,0.0,1.0));
#1583=DIRECTION('',(-0.342020143325668,0.939692620785909,0.0));
#1584=ORIENTED_EDGE('',*,*,#2082,.F.);
#1585=ORIENTED_EDGE('',*,*,#2084,.F.);
#1586=ORIENTED_EDGE('',*,*,#2079,.F.);
#1587=CARTESIAN_POINT('',(2.6380292949836,0.0328892417275065,0.125));
#1588=DIRECTION('',(0.0,0.0,-1.0));
#1589=DIRECTION('',(0.342020143325668,-0.939692620785909,0.0));
#1590=ORIENTED_EDGE('',*,*,#2081,.T.);
#1591=ORIENTED_EDGE('',*,*,#2083,.F.);
#1592=ORIENTED_EDGE('',*,*,#2076,.F.);
#1593=ORIENTED_EDGE('',*,*,#2084,.T.);
#1594=CARTESIAN_POINT('',(2.71893654271085,-0.0121553724366855,0.13375));
#1595=DIRECTION('',(0.64278760968654,0.766044443118978,0.0));
#1596=DIRECTION('',(0.0,0.0,-1.0));
#1597=FILL_AREA_STYLE_COLOUR('',#2085);
#1598=ORIENTED_EDGE('',*,*,#2086,.F.);
#1599=ORIENTED_EDGE('',*,*,#2087,.F.);
#1600=ORIENTED_EDGE('',*,*,#2088,.T.);
#1601=ORIENTED_EDGE('',*,*,#2089,.F.);
#1602=CARTESIAN_POINT('',(-0.127279220613578,2.52272077938642,0.13375));
#1603=DIRECTION('',(-0.38268343236509,-0.923879532511287,-0.0));
#1604=DIRECTION('',(0.0,0.0,-1.0));
#1605=ORIENTED_EDGE('',*,*,#2088,.F.);
#1606=ORIENTED_EDGE('',*,*,#2090,.F.);
#1607=ORIENTED_EDGE('',*,*,#2091,.T.);
#1608=ORIENTED_EDGE('',*,*,#2092,.F.);
#1609=CARTESIAN_POINT('',(-0.18,2.65,0.13375));
#1610=DIRECTION('',(-0.923879532511287,-0.382683432365089,-0.0));
#1611=DIRECTION('',(0.0,0.0,-1.0));
#1612=ORIENTED_EDGE('',*,*,#2091,.F.);
#1613=ORIENTED_EDGE('',*,*,#2093,.F.);
#1614=ORIENTED_EDGE('',*,*,#2094,.T.);
#1615=ORIENTED_EDGE('',*,*,#2095,.F.);
#1616=CARTESIAN_POINT('',(-0.127279220613578,2.77727922061358,0.13375));
#1617=DIRECTION('',(-0.923879532511287,0.38268343236509,0.0));
#1618=DIRECTION('',(0.0,0.0,-1.0));
#1619=ORIENTED_EDGE('',*,*,#2094,.F.);
#1620=ORIENTED_EDGE('',*,*,#2096,.F.);
#1621=ORIENTED_EDGE('',*,*,#2097,.T.);
#1622=ORIENTED_EDGE('',*,*,#2098,.F.);
#1623=CARTESIAN_POINT('',(5.89006882975187E-16,2.83,0.13375));
#1624=DIRECTION('',(-0.382683432365089,0.923879532511287,0.0));
#1625=DIRECTION('',(0.0,0.0,-1.0));
#1626=ORIENTED_EDGE('',*,*,#2097,.F.);
#1627=ORIENTED_EDGE('',*,*,#2099,.F.);
#1628=ORIENTED_EDGE('',*,*,#2100,.T.);
#1629=ORIENTED_EDGE('',*,*,#2101,.F.);
#1630=CARTESIAN_POINT('',(0.127279220613579,2.77727922061358,0.13375));
#1631=DIRECTION('',(0.38268343236509,0.923879532511287,0.0));
#1632=DIRECTION('',(0.0,0.0,-1.0));
#1633=ORIENTED_EDGE('',*,*,#2100,.F.);
#1634=ORIENTED_EDGE('',*,*,#2102,.F.);
#1635=ORIENTED_EDGE('',*,*,#2103,.T.);
#1636=ORIENTED_EDGE('',*,*,#2104,.F.);
#1637=CARTESIAN_POINT('',(0.180000000000001,2.65,0.13375));
#1638=DIRECTION('',(0.923879532511287,0.38268343236509,0.0));
#1639=DIRECTION('',(0.0,0.0,-1.0));
#1640=ORIENTED_EDGE('',*,*,#2103,.F.);
#1641=ORIENTED_EDGE('',*,*,#2105,.F.);
#1642=ORIENTED_EDGE('',*,*,#2106,.T.);
#1643=ORIENTED_EDGE('',*,*,#2107,.F.);
#1644=CARTESIAN_POINT('',(0.127279220613579,2.52272077938642,0.13375));
#1645=DIRECTION('',(0.923879532511287,-0.38268343236509,0.0));
#1646=DIRECTION('',(0.0,0.0,-1.0));
#1647=ORIENTED_EDGE('',*,*,#2106,.F.);
#1648=ORIENTED_EDGE('',*,*,#2108,.F.);
#1649=ORIENTED_EDGE('',*,*,#2086,.T.);
#1650=ORIENTED_EDGE('',*,*,#2109,.F.);
#1651=CARTESIAN_POINT('',(4.53731639084094E-16,2.47,0.13375));
#1652=DIRECTION('',(0.38268343236509,-0.923879532511287,0.0));
#1653=DIRECTION('',(0.0,0.0,-1.0));
#1654=ORIENTED_EDGE('',*,*,#2110,.T.);
#1655=ORIENTED_EDGE('',*,*,#2111,.F.);
#1656=ORIENTED_EDGE('',*,*,#2112,.F.);
#1657=ORIENTED_EDGE('',*,*,#2113,.F.);
#1658=CARTESIAN_POINT('',(-2.2125,2.4575,0.13375));
#1659=DIRECTION('',(1.83697019872103E-16,1.0,-0.0));
#1660=DIRECTION('',(0.0,0.0,1.0));
#1661=ORIENTED_EDGE('',*,*,#2114,.F.);
#1662=ORIENTED_EDGE('',*,*,#2115,.T.);
#1663=ORIENTED_EDGE('',*,*,#2116,.F.);
#1664=ORIENTED_EDGE('',*,*,#2117,.F.);
#1665=CARTESIAN_POINT('',(-2.2125,2.8425,0.13375));
#1666=DIRECTION('',(-1.83697019872103E-16,-1.0,-0.0));
#1667=DIRECTION('',(0.0,0.0,-1.0));
#1668=ORIENTED_EDGE('',*,*,#2117,.T.);
#1669=ORIENTED_EDGE('',*,*,#2118,.F.);
#1670=ORIENTED_EDGE('',*,*,#2110,.F.);
#1671=ORIENTED_EDGE('',*,*,#2119,.F.);
#1672=CARTESIAN_POINT('',(-4.0,2.65,0.13375));
#1673=DIRECTION('',(1.0,-1.83697019872103E-16,0.0));
#1674=DIRECTION('',(0.0,0.0,1.0));
#1675=ORIENTED_EDGE('',*,*,#2120,.T.);
#1676=ORIENTED_EDGE('',*,*,#2121,.F.);
#1677=ORIENTED_EDGE('',*,*,#2122,.F.);
#1678=ORIENTED_EDGE('',*,*,#2123,.F.);
#1679=CARTESIAN_POINT('',(4.04133443718627E-16,2.2,0.13375));
#1680=DIRECTION('',(1.83697019872103E-16,1.0,-0.0));
#1681=DIRECTION('',(0.0,0.0,1.0));
#1682=ORIENTED_EDGE('',*,*,#2122,.T.);
#1683=ORIENTED_EDGE('',*,*,#2124,.F.);
#1684=ORIENTED_EDGE('',*,*,#2125,.F.);
#1685=ORIENTED_EDGE('',*,*,#2126,.F.);
#1686=CARTESIAN_POINT('',(0.425,2.65,0.13375));
#1687=DIRECTION('',(-1.0,1.83697019872103E-16,0.0));
#1688=DIRECTION('',(0.0,0.0,-1.0));
#1689=ORIENTED_EDGE('',*,*,#2125,.T.);
#1690=ORIENTED_EDGE('',*,*,#2127,.F.);
#1691=ORIENTED_EDGE('',*,*,#2128,.F.);
#1692=ORIENTED_EDGE('',*,*,#2129,.F.);
#1693=CARTESIAN_POINT('',(5.69460761603519E-16,3.1,0.13375));
#1694=DIRECTION('',(-1.83697019872103E-16,-1.0,-0.0));
#1695=DIRECTION('',(0.0,0.0,-1.0));
#1696=ORIENTED_EDGE('',*,*,#2130,.T.);
#1697=ORIENTED_EDGE('',*,*,#2131,.F.);
#1698=ORIENTED_EDGE('',*,*,#2128,.T.);
#1699=ORIENTED_EDGE('',*,*,#2132,.F.);
#1700=CARTESIAN_POINT('',(-0.424999999999999,2.65,0.13375));
#1701=DIRECTION('',(1.0,-1.83697019872103E-16,0.0));
#1702=DIRECTION('',(0.0,0.0,1.0));
#1703=ORIENTED_EDGE('',*,*,#2115,.F.);
#1704=ORIENTED_EDGE('',*,*,#2133,.F.);
#1705=ORIENTED_EDGE('',*,*,#2134,.T.);
#1706=ORIENTED_EDGE('',*,*,#2135,.F.);
#1707=CARTESIAN_POINT('',(-0.0949999999999995,2.8925,0.13375));
#1708=DIRECTION('',(-1.0,1.83697019872103E-16,0.0));
#1709=DIRECTION('',(0.0,0.0,-1.0));
#1710=ORIENTED_EDGE('',*,*,#2134,.F.);
#1711=ORIENTED_EDGE('',*,*,#2136,.F.);
#1712=ORIENTED_EDGE('',*,*,#2130,.F.);
#1713=ORIENTED_EDGE('',*,*,#2137,.F.);
#1714=CARTESIAN_POINT('',(-0.26,2.9425,0.13375));
#1715=DIRECTION('',(-1.83697019872103E-16,-1.0,-0.0));
#1716=DIRECTION('',(0.0,0.0,-1.0));
#1717=ORIENTED_EDGE('',*,*,#2138,.T.);
#1718=ORIENTED_EDGE('',*,*,#2139,.F.);
#1719=ORIENTED_EDGE('',*,*,#2120,.F.);
#1720=ORIENTED_EDGE('',*,*,#2140,.F.);
#1721=CARTESIAN_POINT('',(-0.424999999999999,2.65,0.13375));
#1722=DIRECTION('',(1.0,-1.83697019872103E-16,0.0));
#1723=DIRECTION('',(0.0,0.0,1.0));
#1724=ORIENTED_EDGE('',*,*,#2138,.F.);
#1725=ORIENTED_EDGE('',*,*,#2141,.F.);
#1726=ORIENTED_EDGE('',*,*,#2142,.T.);
#1727=ORIENTED_EDGE('',*,*,#2143,.F.);
#1728=CARTESIAN_POINT('',(-0.26,2.3575,0.13375));
#1729=DIRECTION('',(1.83697019872103E-16,1.0,-0.0));
#1730=DIRECTION('',(0.0,0.0,1.0));
#1731=ORIENTED_EDGE('',*,*,#2142,.F.);
#1732=ORIENTED_EDGE('',*,*,#2144,.F.);
#1733=ORIENTED_EDGE('',*,*,#2112,.T.);
#1734=ORIENTED_EDGE('',*,*,#2145,.F.);
#1735=CARTESIAN_POINT('',(-0.0949999999999996,2.4075,0.13375));
#1736=DIRECTION('',(-1.0,1.83697019872103E-16,0.0));
#1737=DIRECTION('',(0.0,0.0,-1.0));
#1738=ORIENTED_EDGE('',*,*,#2087,.T.);
#1739=ORIENTED_EDGE('',*,*,#2108,.T.);
#1740=ORIENTED_EDGE('',*,*,#2105,.T.);
#1741=ORIENTED_EDGE('',*,*,#2102,.T.);
#1742=ORIENTED_EDGE('',*,*,#2099,.T.);
#1743=ORIENTED_EDGE('',*,*,#2096,.T.);
#1744=ORIENTED_EDGE('',*,*,#2093,.T.);
#1745=ORIENTED_EDGE('',*,*,#2090,.T.);
#1746=ORIENTED_EDGE('',*,*,#2111,.T.);
#1747=ORIENTED_EDGE('',*,*,#2118,.T.);
#1748=ORIENTED_EDGE('',*,*,#2116,.T.);
#1749=ORIENTED_EDGE('',*,*,#2135,.T.);
#1750=ORIENTED_EDGE('',*,*,#2137,.T.);
#1751=ORIENTED_EDGE('',*,*,#2132,.T.);
#1752=ORIENTED_EDGE('',*,*,#2127,.T.);
#1753=ORIENTED_EDGE('',*,*,#2124,.T.);
#1754=ORIENTED_EDGE('',*,*,#2121,.T.);
#1755=ORIENTED_EDGE('',*,*,#2139,.T.);
#1756=ORIENTED_EDGE('',*,*,#2143,.T.);
#1757=ORIENTED_EDGE('',*,*,#2145,.T.);
#1758=CARTESIAN_POINT('',(-2.2125,2.65,0.125));
#1759=DIRECTION('',(0.0,0.0,1.0));
#1760=DIRECTION('',(-1.83697019872103E-16,-1.0,0.0));
#1761=ORIENTED_EDGE('',*,*,#2089,.T.);
#1762=ORIENTED_EDGE('',*,*,#2092,.T.);
#1763=ORIENTED_EDGE('',*,*,#2095,.T.);
#1764=ORIENTED_EDGE('',*,*,#2098,.T.);
#1765=ORIENTED_EDGE('',*,*,#2101,.T.);
#1766=ORIENTED_EDGE('',*,*,#2104,.T.);
#1767=ORIENTED_EDGE('',*,*,#2107,.T.);
#1768=ORIENTED_EDGE('',*,*,#2109,.T.);
#1769=ORIENTED_EDGE('',*,*,#2141,.T.);
#1770=ORIENTED_EDGE('',*,*,#2140,.T.);
#1771=ORIENTED_EDGE('',*,*,#2123,.T.);
#1772=ORIENTED_EDGE('',*,*,#2126,.T.);
#1773=ORIENTED_EDGE('',*,*,#2129,.T.);
#1774=ORIENTED_EDGE('',*,*,#2131,.T.);
#1775=ORIENTED_EDGE('',*,*,#2136,.T.);
#1776=ORIENTED_EDGE('',*,*,#2133,.T.);
#1777=ORIENTED_EDGE('',*,*,#2114,.T.);
#1778=ORIENTED_EDGE('',*,*,#2119,.T.);
#1779=ORIENTED_EDGE('',*,*,#2113,.T.);
#1780=ORIENTED_EDGE('',*,*,#2144,.T.);
#1781=CARTESIAN_POINT('',(-2.2125,2.65,0.1425));
#1782=DIRECTION('',(0.0,0.0,1.0));
#1783=DIRECTION('',(-1.83697019872103E-16,-1.0,0.0));
#1784=FILL_AREA_STYLE_COLOUR('',#2146);
#1785=ORIENTED_EDGE('',*,*,#2147,.T.);
#1786=ORIENTED_EDGE('',*,*,#2148,.F.);
#1787=ORIENTED_EDGE('',*,*,#2149,.F.);
#1788=ORIENTED_EDGE('',*,*,#2150,.T.);
#1789=CARTESIAN_POINT('',(0.0536231110183289,2.60500486732194,0.13375));
#1790=DIRECTION('',(0.939692620785909,0.342020143325668,0.0));
#1791=DIRECTION('',(0.0,0.0,-1.0));
#1792=ORIENTED_EDGE('',*,*,#2149,.T.);
#1793=ORIENTED_EDGE('',*,*,#2151,.F.);
#1794=ORIENTED_EDGE('',*,*,#2152,.F.);
#1795=ORIENTED_EDGE('',*,*,#2153,.T.);
#1796=CARTESIAN_POINT('',(-0.0657784834550131,2.6260585899672,0.13375));
#1797=DIRECTION('',(-0.173648177666931,-0.984807753012208,-0.0));
#1798=DIRECTION('',(0.0,0.0,-1.0));
#1799=ORIENTED_EDGE('',*,*,#2151,.T.);
#1800=ORIENTED_EDGE('',*,*,#2148,.T.);
#1801=ORIENTED_EDGE('',*,*,#2154,.T.);
#1802=CARTESIAN_POINT('',(-0.0328892417275063,2.6380292949836,0.1425));
#1803=DIRECTION('',(0.0,0.0,1.0));
#1804=DIRECTION('',(-0.939692620785909,-0.342020143325668,0.0));
#1805=ORIENTED_EDGE('',*,*,#2153,.F.);
#1806=ORIENTED_EDGE('',*,*,#2155,.F.);
#1807=ORIENTED_EDGE('',*,*,#2150,.F.);
#1808=CARTESIAN_POINT('',(-0.0328892417275063,2.6380292949836,0.125));
#1809=DIRECTION('',(0.0,0.0,-1.0));
#1810=DIRECTION('',(0.939692620785909,0.342020143325668,0.0));
#1811=ORIENTED_EDGE('',*,*,#2152,.T.);
#1812=ORIENTED_EDGE('',*,*,#2154,.F.);
#1813=ORIENTED_EDGE('',*,*,#2147,.F.);
#1814=ORIENTED_EDGE('',*,*,#2155,.T.);
#1815=CARTESIAN_POINT('',(0.0121553724366857,2.71893654271085,0.13375));
#1816=DIRECTION('',(-0.766044443118978,0.64278760968654,0.0));
#1817=DIRECTION('',(0.0,0.0,-1.0));
#1818=ORIENTED_EDGE('',*,*,#2156,.T.);
#1819=ORIENTED_EDGE('',*,*,#2157,.T.);
#1820=ORIENTED_EDGE('',*,*,#2158,.T.);
#1821=ORIENTED_EDGE('',*,*,#2159,.T.);
#1822=CARTESIAN_POINT('',(-3.42125,-4.0,-0.0175));
#1823=DIRECTION('',(0.0,1.0,0.0));
#1824=DIRECTION('',(0.0,0.0,1.0));
#1825=ORIENTED_EDGE('',*,*,#2160,.T.);
#1826=ORIENTED_EDGE('',*,*,#2161,.T.);
#1827=ORIENTED_EDGE('',*,*,#2162,.T.);
#1828=ORIENTED_EDGE('',*,*,#2163,.T.);
#1829=CARTESIAN_POINT('',(4.0,-3.42125,-0.0175));
#1830=DIRECTION('',(1.0,0.0,0.0));
#1831=DIRECTION('',(0.0,0.0,-1.0));
#1832=ORIENTED_EDGE('',*,*,#2164,.T.);
#1833=ORIENTED_EDGE('',*,*,#2165,.T.);
#1834=ORIENTED_EDGE('',*,*,#2166,.T.);
#1835=ORIENTED_EDGE('',*,*,#2167,.T.);
#1836=CARTESIAN_POINT('',(1.87875,4.0,-0.0175));
#1837=DIRECTION('',(0.0,1.0,0.0));
#1838=DIRECTION('',(0.0,0.0,1.0));
#1839=ORIENTED_EDGE('',*,*,#2168,.T.);
#1840=ORIENTED_EDGE('',*,*,#2169,.T.);
#1841=ORIENTED_EDGE('',*,*,#2170,.T.);
#1842=ORIENTED_EDGE('',*,*,#2171,.T.);
#1843=CARTESIAN_POINT('',(-4.0,1.87875,-0.0175));
#1844=DIRECTION('',(1.0,0.0,0.0));
#1845=DIRECTION('',(0.0,0.0,-1.0));
#1846=COLOUR_RGB('',1.0,1.0,0.0);
#1847=EDGE_CURVE('',#2172,#2173,#2174,.T.);
#1848=EDGE_CURVE('',#2173,#2175,#2176,.T.);
#1849=EDGE_CURVE('',#2175,#2177,#2178,.T.);
#1850=EDGE_CURVE('',#2177,#2172,#2179,.T.);
#1851=EDGE_CURVE('',#2180,#2181,#2182,.T.);
#1852=EDGE_CURVE('',#2181,#2183,#2184,.T.);
#1853=EDGE_CURVE('',#2183,#2185,#2186,.T.);
#1854=EDGE_CURVE('',#2185,#2180,#2187,.T.);
#1855=EDGE_CURVE('',#2177,#2183,#2188,.T.);
#1856=EDGE_CURVE('',#2172,#2181,#2189,.T.);
#1857=EDGE_CURVE('',#2175,#2185,#2190,.T.);
#1858=EDGE_CURVE('',#2173,#2180,#2191,.T.);
#1859=COLOUR_RGB('',0.939999997615814,0.819999992847443,0.759999990463257);
#1860=EDGE_CURVE('',#2192,#2193,#2194,.T.);
#1861=EDGE_CURVE('',#2193,#2195,#2196,.T.);
#1862=EDGE_CURVE('',#2195,#2197,#2198,.T.);
#1863=EDGE_CURVE('',#2197,#2192,#2199,.T.);
#1864=EDGE_CURVE('',#2200,#2201,#2202,.T.);
#1865=EDGE_CURVE('',#2201,#2203,#2204,.T.);
#1866=EDGE_CURVE('',#2203,#2205,#2206,.T.);
#1867=EDGE_CURVE('',#2205,#2200,#2207,.T.);
#1868=EDGE_CURVE('',#2197,#2203,#2208,.T.);
#1869=EDGE_CURVE('',#2192,#2201,#2209,.T.);
#1870=EDGE_CURVE('',#2195,#2205,#2210,.T.);
#1871=EDGE_CURVE('',#2193,#2200,#2211,.T.);
#1872=COLOUR_RGB('',1.0,1.0,0.0);
#1873=EDGE_CURVE('',#2212,#2213,#2214,.T.);
#1874=EDGE_CURVE('',#2215,#2212,#2216,.T.);
#1875=EDGE_CURVE('',#2215,#2217,#2218,.T.);
#1876=EDGE_CURVE('',#2213,#2217,#2219,.T.);
#1877=EDGE_CURVE('',#2220,#2215,#2221,.T.);
#1878=EDGE_CURVE('',#2220,#2222,#2223,.T.);
#1879=EDGE_CURVE('',#2217,#2222,#2224,.T.);
#1880=EDGE_CURVE('',#2225,#2220,#2226,.T.);
#1881=EDGE_CURVE('',#2225,#2227,#2228,.T.);
#1882=EDGE_CURVE('',#2222,#2227,#2229,.T.);
#1883=EDGE_CURVE('',#2230,#2225,#2231,.T.);
#1884=EDGE_CURVE('',#2230,#2232,#2233,.T.);
#1885=EDGE_CURVE('',#2227,#2232,#2234,.T.);
#1886=EDGE_CURVE('',#2235,#2230,#2236,.T.);
#1887=EDGE_CURVE('',#2235,#2237,#2238,.T.);
#1888=EDGE_CURVE('',#2232,#2237,#2239,.T.);
#1889=EDGE_CURVE('',#2240,#2235,#2241,.T.);
#1890=EDGE_CURVE('',#2240,#2242,#2243,.T.);
#1891=EDGE_CURVE('',#2237,#2242,#2244,.T.);
#1892=EDGE_CURVE('',#2245,#2240,#2246,.T.);
#1893=EDGE_CURVE('',#2245,#2247,#2248,.T.);
#1894=EDGE_CURVE('',#2242,#2247,#2249,.T.);
#1895=EDGE_CURVE('',#2212,#2245,#2250,.T.);
#1896=EDGE_CURVE('',#2247,#2213,#2251,.T.);
#1897=EDGE_CURVE('',#2252,#2253,#2254,.T.);
#1898=EDGE_CURVE('',#2255,#2253,#2256,.T.);
#1899=EDGE_CURVE('',#2257,#2255,#2258,.T.);
#1900=EDGE_CURVE('',#2252,#2257,#2259,.T.);
#1901=EDGE_CURVE('',#2260,#2261,#2262,.T.);
#1902=EDGE_CURVE('',#2260,#2263,#2264,.T.);
#1903=EDGE_CURVE('',#2265,#2263,#2266,.T.);
#1904=EDGE_CURVE('',#2261,#2265,#2267,.T.);
#1905=EDGE_CURVE('',#2253,#2265,#2268,.T.);
#1906=EDGE_CURVE('',#2261,#2252,#2269,.T.);
#1907=EDGE_CURVE('',#2270,#2271,#2272,.T.);
#1908=EDGE_CURVE('',#2273,#2271,#2274,.T.);
#1909=EDGE_CURVE('',#2275,#2273,#2276,.T.);
#1910=EDGE_CURVE('',#2270,#2275,#2277,.T.);
#1911=EDGE_CURVE('',#2278,#2273,#2279,.T.);
#1912=EDGE_CURVE('',#2280,#2278,#2281,.T.);
#1913=EDGE_CURVE('',#2275,#2280,#2282,.T.);
#1914=EDGE_CURVE('',#2283,#2278,#2284,.T.);
#1915=EDGE_CURVE('',#2285,#2283,#2286,.T.);
#1916=EDGE_CURVE('',#2280,#2285,#2287,.T.);
#1917=EDGE_CURVE('',#2288,#2289,#2290,.T.);
#1918=EDGE_CURVE('',#2285,#2289,#2291,.T.);
#1919=EDGE_CURVE('',#2288,#2283,#2292,.T.);
#1920=EDGE_CURVE('',#2293,#2260,#2294,.T.);
#1921=EDGE_CURVE('',#2293,#2295,#2296,.T.);
#1922=EDGE_CURVE('',#2263,#2295,#2297,.T.);
#1923=EDGE_CURVE('',#2289,#2293,#2298,.T.);
#1924=EDGE_CURVE('',#2295,#2288,#2299,.T.);
#1925=EDGE_CURVE('',#2300,#2301,#2302,.T.);
#1926=EDGE_CURVE('',#2271,#2301,#2303,.T.);
#1927=EDGE_CURVE('',#2300,#2270,#2304,.T.);
#1928=EDGE_CURVE('',#2305,#2300,#2306,.T.);
#1929=EDGE_CURVE('',#2305,#2307,#2308,.T.);
#1930=EDGE_CURVE('',#2301,#2307,#2309,.T.);
#1931=EDGE_CURVE('',#2257,#2305,#2310,.T.);
#1932=EDGE_CURVE('',#2307,#2255,#2311,.T.);
#1933=COLOUR_RGB('',1.0,1.0,0.0);
#1934=EDGE_CURVE('',#2312,#2313,#2314,.T.);
#1935=EDGE_CURVE('',#2315,#2313,#2316,.T.);
#1936=EDGE_CURVE('',#2317,#2315,#2318,.T.);
#1937=EDGE_CURVE('',#2317,#2312,#2319,.T.);
#1938=EDGE_CURVE('',#2320,#2315,#2321,.T.);
#1939=EDGE_CURVE('',#2322,#2320,#2323,.T.);
#1940=EDGE_CURVE('',#2322,#2317,#2324,.T.);
#1941=EDGE_CURVE('',#2313,#2320,#2325,.T.);
#1942=EDGE_CURVE('',#2312,#2322,#2326,.T.);
#1943=COLOUR_RGB('',1.0,1.0,0.0);
#1944=EDGE_CURVE('',#2327,#2328,#2329,.T.);
#1945=EDGE_CURVE('',#2330,#2327,#2331,.T.);
#1946=EDGE_CURVE('',#2330,#2332,#2333,.T.);
#1947=EDGE_CURVE('',#2328,#2332,#2334,.T.);
#1948=EDGE_CURVE('',#2335,#2330,#2336,.T.);
#1949=EDGE_CURVE('',#2335,#2337,#2338,.T.);
#1950=EDGE_CURVE('',#2332,#2337,#2339,.T.);
#1951=EDGE_CURVE('',#2340,#2335,#2341,.T.);
#1952=EDGE_CURVE('',#2340,#2342,#2343,.T.);
#1953=EDGE_CURVE('',#2337,#2342,#2344,.T.);
#1954=EDGE_CURVE('',#2345,#2340,#2346,.T.);
#1955=EDGE_CURVE('',#2345,#2347,#2348,.T.);
#1956=EDGE_CURVE('',#2342,#2347,#2349,.T.);
#1957=EDGE_CURVE('',#2350,#2345,#2351,.T.);
#1958=EDGE_CURVE('',#2350,#2352,#2353,.T.);
#1959=EDGE_CURVE('',#2347,#2352,#2354,.T.);
#1960=EDGE_CURVE('',#2355,#2350,#2356,.T.);
#1961=EDGE_CURVE('',#2355,#2357,#2358,.T.);
#1962=EDGE_CURVE('',#2352,#2357,#2359,.T.);
#1963=EDGE_CURVE('',#2360,#2355,#2361,.T.);
#1964=EDGE_CURVE('',#2360,#2362,#2363,.T.);
#1965=EDGE_CURVE('',#2357,#2362,#2364,.T.);
#1966=EDGE_CURVE('',#2327,#2360,#2365,.T.);
#1967=EDGE_CURVE('',#2362,#2328,#2366,.T.);
#1968=EDGE_CURVE('',#2367,#2368,#2369,.T.);
#1969=EDGE_CURVE('',#2370,#2368,#2371,.T.);
#1970=EDGE_CURVE('',#2372,#2370,#2373,.T.);
#1971=EDGE_CURVE('',#2367,#2372,#2374,.T.);
#1972=EDGE_CURVE('',#2375,#2376,#2377,.T.);
#1973=EDGE_CURVE('',#2375,#2378,#2379,.T.);
#1974=EDGE_CURVE('',#2380,#2378,#2381,.T.);
#1975=EDGE_CURVE('',#2376,#2380,#2382,.T.);
#1976=EDGE_CURVE('',#2368,#2380,#2383,.T.);
#1977=EDGE_CURVE('',#2376,#2367,#2384,.T.);
#1978=EDGE_CURVE('',#2385,#2386,#2387,.T.);
#1979=EDGE_CURVE('',#2388,#2386,#2389,.T.);
#1980=EDGE_CURVE('',#2390,#2388,#2391,.T.);
#1981=EDGE_CURVE('',#2385,#2390,#2392,.T.);
#1982=EDGE_CURVE('',#2393,#2388,#2394,.T.);
#1983=EDGE_CURVE('',#2395,#2393,#2396,.T.);
#1984=EDGE_CURVE('',#2390,#2395,#2397,.T.);
#1985=EDGE_CURVE('',#2398,#2393,#2399,.T.);
#1986=EDGE_CURVE('',#2400,#2398,#2401,.T.);
#1987=EDGE_CURVE('',#2395,#2400,#2402,.T.);
#1988=EDGE_CURVE('',#2403,#2404,#2405,.T.);
#1989=EDGE_CURVE('',#2400,#2404,#2406,.T.);
#1990=EDGE_CURVE('',#2403,#2398,#2407,.T.);
#1991=EDGE_CURVE('',#2408,#2375,#2409,.T.);
#1992=EDGE_CURVE('',#2408,#2410,#2411,.T.);
#1993=EDGE_CURVE('',#2378,#2410,#2412,.T.);
#1994=EDGE_CURVE('',#2404,#2408,#2413,.T.);
#1995=EDGE_CURVE('',#2410,#2403,#2414,.T.);
#1996=EDGE_CURVE('',#2415,#2416,#2417,.T.);
#1997=EDGE_CURVE('',#2386,#2416,#2418,.T.);
#1998=EDGE_CURVE('',#2415,#2385,#2419,.T.);
#1999=EDGE_CURVE('',#2420,#2415,#2421,.T.);
#2000=EDGE_CURVE('',#2420,#2422,#2423,.T.);
#2001=EDGE_CURVE('',#2416,#2422,#2424,.T.);
#2002=EDGE_CURVE('',#2372,#2420,#2425,.T.);
#2003=EDGE_CURVE('',#2422,#2370,#2426,.T.);
#2004=COLOUR_RGB('',1.0,1.0,0.0);
#2005=EDGE_CURVE('',#2427,#2428,#2429,.T.);
#2006=EDGE_CURVE('',#2430,#2428,#2431,.T.);
#2007=EDGE_CURVE('',#2432,#2430,#2433,.T.);
#2008=EDGE_CURVE('',#2432,#2427,#2434,.T.);
#2009=EDGE_CURVE('',#2435,#2430,#2436,.T.);
#2010=EDGE_CURVE('',#2437,#2435,#2438,.T.);
#2011=EDGE_CURVE('',#2437,#2432,#2439,.T.);
#2012=EDGE_CURVE('',#2428,#2435,#2440,.T.);
#2013=EDGE_CURVE('',#2427,#2437,#2441,.T.);
#2014=COLOUR_RGB('',1.0,1.0,0.0);
#2015=EDGE_CURVE('',#2442,#2443,#2444,.T.);
#2016=EDGE_CURVE('',#2445,#2442,#2446,.T.);
#2017=EDGE_CURVE('',#2445,#2447,#2448,.T.);
#2018=EDGE_CURVE('',#2443,#2447,#2449,.T.);
#2019=EDGE_CURVE('',#2450,#2445,#2451,.T.);
#2020=EDGE_CURVE('',#2450,#2452,#2453,.T.);
#2021=EDGE_CURVE('',#2447,#2452,#2454,.T.);
#2022=EDGE_CURVE('',#2455,#2450,#2456,.T.);
#2023=EDGE_CURVE('',#2455,#2457,#2458,.T.);
#2024=EDGE_CURVE('',#2452,#2457,#2459,.T.);
#2025=EDGE_CURVE('',#2460,#2455,#2461,.T.);
#2026=EDGE_CURVE('',#2460,#2462,#2463,.T.);
#2027=EDGE_CURVE('',#2457,#2462,#2464,.T.);
#2028=EDGE_CURVE('',#2465,#2460,#2466,.T.);
#2029=EDGE_CURVE('',#2465,#2467,#2468,.T.);
#2030=EDGE_CURVE('',#2462,#2467,#2469,.T.);
#2031=EDGE_CURVE('',#2470,#2465,#2471,.T.);
#2032=EDGE_CURVE('',#2470,#2472,#2473,.T.);
#2033=EDGE_CURVE('',#2467,#2472,#2474,.T.);
#2034=EDGE_CURVE('',#2475,#2470,#2476,.T.);
#2035=EDGE_CURVE('',#2475,#2477,#2478,.T.);
#2036=EDGE_CURVE('',#2472,#2477,#2479,.T.);
#2037=EDGE_CURVE('',#2442,#2475,#2480,.T.);
#2038=EDGE_CURVE('',#2477,#2443,#2481,.T.);
#2039=EDGE_CURVE('',#2482,#2483,#2484,.T.);
#2040=EDGE_CURVE('',#2485,#2483,#2486,.T.);
#2041=EDGE_CURVE('',#2487,#2485,#2488,.T.);
#2042=EDGE_CURVE('',#2482,#2487,#2489,.T.);
#2043=EDGE_CURVE('',#2490,#2491,#2492,.T.);
#2044=EDGE_CURVE('',#2490,#2493,#2494,.T.);
#2045=EDGE_CURVE('',#2495,#2493,#2496,.T.);
#2046=EDGE_CURVE('',#2491,#2495,#2497,.T.);
#2047=EDGE_CURVE('',#2483,#2495,#2498,.T.);
#2048=EDGE_CURVE('',#2491,#2482,#2499,.T.);
#2049=EDGE_CURVE('',#2500,#2501,#2502,.T.);
#2050=EDGE_CURVE('',#2503,#2501,#2504,.T.);
#2051=EDGE_CURVE('',#2505,#2503,#2506,.T.);
#2052=EDGE_CURVE('',#2500,#2505,#2507,.T.);
#2053=EDGE_CURVE('',#2508,#2503,#2509,.T.);
#2054=EDGE_CURVE('',#2510,#2508,#2511,.T.);
#2055=EDGE_CURVE('',#2505,#2510,#2512,.T.);
#2056=EDGE_CURVE('',#2513,#2508,#2514,.T.);
#2057=EDGE_CURVE('',#2515,#2513,#2516,.T.);
#2058=EDGE_CURVE('',#2510,#2515,#2517,.T.);
#2059=EDGE_CURVE('',#2518,#2519,#2520,.T.);
#2060=EDGE_CURVE('',#2515,#2519,#2521,.T.);
#2061=EDGE_CURVE('',#2518,#2513,#2522,.T.);
#2062=EDGE_CURVE('',#2523,#2490,#2524,.T.);
#2063=EDGE_CURVE('',#2523,#2525,#2526,.T.);
#2064=EDGE_CURVE('',#2493,#2525,#2527,.T.);
#2065=EDGE_CURVE('',#2519,#2523,#2528,.T.);
#2066=EDGE_CURVE('',#2525,#2518,#2529,.T.);
#2067=EDGE_CURVE('',#2530,#2531,#2532,.T.);
#2068=EDGE_CURVE('',#2501,#2531,#2533,.T.);
#2069=EDGE_CURVE('',#2530,#2500,#2534,.T.);
#2070=EDGE_CURVE('',#2535,#2530,#2536,.T.);
#2071=EDGE_CURVE('',#2535,#2537,#2538,.T.);
#2072=EDGE_CURVE('',#2531,#2537,#2539,.T.);
#2073=EDGE_CURVE('',#2487,#2535,#2540,.T.);
#2074=EDGE_CURVE('',#2537,#2485,#2541,.T.);
#2075=COLOUR_RGB('',1.0,1.0,0.0);
#2076=EDGE_CURVE('',#2542,#2543,#2544,.T.);
#2077=EDGE_CURVE('',#2545,#2543,#2546,.T.);
#2078=EDGE_CURVE('',#2547,#2545,#2548,.T.);
#2079=EDGE_CURVE('',#2547,#2542,#2549,.T.);
#2080=EDGE_CURVE('',#2550,#2545,#2551,.T.);
#2081=EDGE_CURVE('',#2552,#2550,#2553,.T.);
#2082=EDGE_CURVE('',#2552,#2547,#2554,.T.);
#2083=EDGE_CURVE('',#2543,#2550,#2555,.T.);
#2084=EDGE_CURVE('',#2542,#2552,#2556,.T.);
#2085=COLOUR_RGB('',1.0,1.0,0.0);
#2086=EDGE_CURVE('',#2557,#2558,#2559,.T.);
#2087=EDGE_CURVE('',#2560,#2557,#2561,.T.);
#2088=EDGE_CURVE('',#2560,#2562,#2563,.T.);
#2089=EDGE_CURVE('',#2558,#2562,#2564,.T.);
#2090=EDGE_CURVE('',#2565,#2560,#2566,.T.);
#2091=EDGE_CURVE('',#2565,#2567,#2568,.T.);
#2092=EDGE_CURVE('',#2562,#2567,#2569,.T.);
#2093=EDGE_CURVE('',#2570,#2565,#2571,.T.);
#2094=EDGE_CURVE('',#2570,#2572,#2573,.T.);
#2095=EDGE_CURVE('',#2567,#2572,#2574,.T.);
#2096=EDGE_CURVE('',#2575,#2570,#2576,.T.);
#2097=EDGE_CURVE('',#2575,#2577,#2578,.T.);
#2098=EDGE_CURVE('',#2572,#2577,#2579,.T.);
#2099=EDGE_CURVE('',#2580,#2575,#2581,.T.);
#2100=EDGE_CURVE('',#2580,#2582,#2583,.T.);
#2101=EDGE_CURVE('',#2577,#2582,#2584,.T.);
#2102=EDGE_CURVE('',#2585,#2580,#2586,.T.);
#2103=EDGE_CURVE('',#2585,#2587,#2588,.T.);
#2104=EDGE_CURVE('',#2582,#2587,#2589,.T.);
#2105=EDGE_CURVE('',#2590,#2585,#2591,.T.);
#2106=EDGE_CURVE('',#2590,#2592,#2593,.T.);
#2107=EDGE_CURVE('',#2587,#2592,#2594,.T.);
#2108=EDGE_CURVE('',#2557,#2590,#2595,.T.);
#2109=EDGE_CURVE('',#2592,#2558,#2596,.T.);
#2110=EDGE_CURVE('',#2597,#2598,#2599,.T.);
#2111=EDGE_CURVE('',#2600,#2598,#2601,.T.);
#2112=EDGE_CURVE('',#2602,#2600,#2603,.T.);
#2113=EDGE_CURVE('',#2597,#2602,#2604,.T.);
#2114=EDGE_CURVE('',#2605,#2606,#2607,.T.);
#2115=EDGE_CURVE('',#2605,#2608,#2609,.T.);
#2116=EDGE_CURVE('',#2610,#2608,#2611,.T.);
#2117=EDGE_CURVE('',#2606,#2610,#2612,.T.);
#2118=EDGE_CURVE('',#2598,#2610,#2613,.T.);
#2119=EDGE_CURVE('',#2606,#2597,#2614,.T.);
#2120=EDGE_CURVE('',#2615,#2616,#2617,.T.);
#2121=EDGE_CURVE('',#2618,#2616,#2619,.T.);
#2122=EDGE_CURVE('',#2620,#2618,#2621,.T.);
#2123=EDGE_CURVE('',#2615,#2620,#2622,.T.);
#2124=EDGE_CURVE('',#2623,#2618,#2624,.T.);
#2125=EDGE_CURVE('',#2625,#2623,#2626,.T.);
#2126=EDGE_CURVE('',#2620,#2625,#2627,.T.);
#2127=EDGE_CURVE('',#2628,#2623,#2629,.T.);
#2128=EDGE_CURVE('',#2630,#2628,#2631,.T.);
#2129=EDGE_CURVE('',#2625,#2630,#2632,.T.);
#2130=EDGE_CURVE('',#2633,#2634,#2635,.T.);
#2131=EDGE_CURVE('',#2630,#2634,#2636,.T.);
#2132=EDGE_CURVE('',#2633,#2628,#2637,.T.);
#2133=EDGE_CURVE('',#2638,#2605,#2639,.T.);
#2134=EDGE_CURVE('',#2638,#2640,#2641,.T.);
#2135=EDGE_CURVE('',#2608,#2640,#2642,.T.);
#2136=EDGE_CURVE('',#2634,#2638,#2643,.T.);
#2137=EDGE_CURVE('',#2640,#2633,#2644,.T.);
#2138=EDGE_CURVE('',#2645,#2646,#2647,.T.);
#2139=EDGE_CURVE('',#2616,#2646,#2648,.T.);
#2140=EDGE_CURVE('',#2645,#2615,#2649,.T.);
#2141=EDGE_CURVE('',#2650,#2645,#2651,.T.);
#2142=EDGE_CURVE('',#2650,#2652,#2653,.T.);
#2143=EDGE_CURVE('',#2646,#2652,#2654,.T.);
#2144=EDGE_CURVE('',#2602,#2650,#2655,.T.);
#2145=EDGE_CURVE('',#2652,#2600,#2656,.T.);
#2146=COLOUR_RGB('',1.0,1.0,0.0);
#2147=EDGE_CURVE('',#2657,#2658,#2659,.T.);
#2148=EDGE_CURVE('',#2660,#2658,#2661,.T.);
#2149=EDGE_CURVE('',#2662,#2660,#2663,.T.);
#2150=EDGE_CURVE('',#2662,#2657,#2664,.T.);
#2151=EDGE_CURVE('',#2665,#2660,#2666,.T.);
#2152=EDGE_CURVE('',#2667,#2665,#2668,.T.);
#2153=EDGE_CURVE('',#2667,#2662,#2669,.T.);
#2154=EDGE_CURVE('',#2658,#2665,#2670,.T.);
#2155=EDGE_CURVE('',#2657,#2667,#2671,.T.);
#2156=EDGE_CURVE('',#2672,#2673,#2674,.T.);
#2157=EDGE_CURVE('',#2673,#2675,#2676,.T.);
#2158=EDGE_CURVE('',#2675,#2677,#2678,.T.);
#2159=EDGE_CURVE('',#2677,#2672,#2679,.T.);
#2160=EDGE_CURVE('',#2680,#2681,#2682,.T.);
#2161=EDGE_CURVE('',#2681,#2683,#2684,.T.);
#2162=EDGE_CURVE('',#2683,#2685,#2686,.T.);
#2163=EDGE_CURVE('',#2685,#2680,#2687,.T.);
#2164=EDGE_CURVE('',#2688,#2689,#2690,.T.);
#2165=EDGE_CURVE('',#2689,#2691,#2692,.T.);
#2166=EDGE_CURVE('',#2691,#2693,#2694,.T.);
#2167=EDGE_CURVE('',#2693,#2688,#2695,.T.);
#2168=EDGE_CURVE('',#2696,#2697,#2698,.T.);
#2169=EDGE_CURVE('',#2697,#2699,#2700,.T.);
#2170=EDGE_CURVE('',#2699,#2701,#2702,.T.);
#2171=EDGE_CURVE('',#2701,#2696,#2703,.T.);
#2172=VERTEX_POINT('',#2704);
#2173=VERTEX_POINT('',#2705);
#2174=LINE('',#2706,#2707);
#2175=VERTEX_POINT('',#2708);
#2176=LINE('',#2709,#2710);
#2177=VERTEX_POINT('',#2711);
#2178=LINE('',#2712,#2713);
#2179=LINE('',#2714,#2715);
#2180=VERTEX_POINT('',#2716);
#2181=VERTEX_POINT('',#2717);
#2182=LINE('',#2718,#2719);
#2183=VERTEX_POINT('',#2720);
#2184=LINE('',#2721,#2722);
#2185=VERTEX_POINT('',#2723);
#2186=LINE('',#2724,#2725);
#2187=LINE('',#2726,#2727);
#2188=LINE('',#2728,#2729);
#2189=LINE('',#2730,#2731);
#2190=LINE('',#2732,#2733);
#2191=LINE('',#2734,#2735);
#2192=VERTEX_POINT('',#2736);
#2193=VERTEX_POINT('',#2737);
#2194=LINE('',#2738,#2739);
#2195=VERTEX_POINT('',#2740);
#2196=LINE('',#2741,#2742);
#2197=VERTEX_POINT('',#2743);
#2198=LINE('',#2744,#2745);
#2199=LINE('',#2746,#2747);
#2200=VERTEX_POINT('',#2748);
#2201=VERTEX_POINT('',#2749);
#2202=LINE('',#2750,#2751);
#2203=VERTEX_POINT('',#2752);
#2204=LINE('',#2753,#2754);
#2205=VERTEX_POINT('',#2755);
#2206=LINE('',#2756,#2757);
#2207=LINE('',#2758,#2759);
#2208=LINE('',#2760,#2761);
#2209=LINE('',#2762,#2763);
#2210=LINE('',#2764,#2765);
#2211=LINE('',#2766,#2767);
#2212=VERTEX_POINT('',#2768);
#2213=VERTEX_POINT('',#2769);
#2214=LINE('',#2770,#2771);
#2215=VERTEX_POINT('',#2772);
#2216=LINE('',#2773,#2774);
#2217=VERTEX_POINT('',#2775);
#2218=LINE('',#2776,#2777);
#2219=LINE('',#2778,#2779);
#2220=VERTEX_POINT('',#2780);
#2221=LINE('',#2781,#2782);
#2222=VERTEX_POINT('',#2783);
#2223=LINE('',#2784,#2785);
#2224=LINE('',#2786,#2787);
#2225=VERTEX_POINT('',#2788);
#2226=LINE('',#2789,#2790);
#2227=VERTEX_POINT('',#2791);
#2228=LINE('',#2792,#2793);
#2229=LINE('',#2794,#2795);
#2230=VERTEX_POINT('',#2796);
#2231=LINE('',#2797,#2798);
#2232=VERTEX_POINT('',#2799);
#2233=LINE('',#2800,#2801);
#2234=LINE('',#2802,#2803);
#2235=VERTEX_POINT('',#2804);
#2236=LINE('',#2805,#2806);
#2237=VERTEX_POINT('',#2807);
#2238=LINE('',#2808,#2809);
#2239=LINE('',#2810,#2811);
#2240=VERTEX_POINT('',#2812);
#2241=LINE('',#2813,#2814);
#2242=VERTEX_POINT('',#2815);
#2243=LINE('',#2816,#2817);
#2244=LINE('',#2818,#2819);
#2245=VERTEX_POINT('',#2820);
#2246=LINE('',#2821,#2822);
#2247=VERTEX_POINT('',#2823);
#2248=LINE('',#2824,#2825);
#2249=LINE('',#2826,#2827);
#2250=LINE('',#2828,#2829);
#2251=LINE('',#2830,#2831);
#2252=VERTEX_POINT('',#2832);
#2253=VERTEX_POINT('',#2833);
#2254=LINE('',#2834,#2835);
#2255=VERTEX_POINT('',#2836);
#2256=LINE('',#2837,#2838);
#2257=VERTEX_POINT('',#2839);
#2258=LINE('',#2840,#2841);
#2259=LINE('',#2842,#2843);
#2260=VERTEX_POINT('',#2844);
#2261=VERTEX_POINT('',#2845);
#2262=LINE('',#2846,#2847);
#2263=VERTEX_POINT('',#2848);
#2264=LINE('',#2849,#2850);
#2265=VERTEX_POINT('',#2851);
#2266=LINE('',#2852,#2853);
#2267=LINE('',#2854,#2855);
#2268=LINE('',#2856,#2857);
#2269=LINE('',#2858,#2859);
#2270=VERTEX_POINT('',#2860);
#2271=VERTEX_POINT('',#2861);
#2272=LINE('',#2862,#2863);
#2273=VERTEX_POINT('',#2864);
#2274=LINE('',#2865,#2866);
#2275=VERTEX_POINT('',#2867);
#2276=LINE('',#2868,#2869);
#2277=LINE('',#2870,#2871);
#2278=VERTEX_POINT('',#2872);
#2279=LINE('',#2873,#2874);
#2280=VERTEX_POINT('',#2875);
#2281=LINE('',#2876,#2877);
#2282=LINE('',#2878,#2879);
#2283=VERTEX_POINT('',#2880);
#2284=LINE('',#2881,#2882);
#2285=VERTEX_POINT('',#2883);
#2286=LINE('',#2884,#2885);
#2287=LINE('',#2886,#2887);
#2288=VERTEX_POINT('',#2888);
#2289=VERTEX_POINT('',#2889);
#2290=LINE('',#2890,#2891);
#2291=LINE('',#2892,#2893);
#2292=LINE('',#2894,#2895);
#2293=VERTEX_POINT('',#2896);
#2294=LINE('',#2897,#2898);
#2295=VERTEX_POINT('',#2899);
#2296=LINE('',#2900,#2901);
#2297=LINE('',#2902,#2903);
#2298=LINE('',#2904,#2905);
#2299=LINE('',#2906,#2907);
#2300=VERTEX_POINT('',#2908);
#2301=VERTEX_POINT('',#2909);
#2302=LINE('',#2910,#2911);
#2303=LINE('',#2912,#2913);
#2304=LINE('',#2914,#2915);
#2305=VERTEX_POINT('',#2916);
#2306=LINE('',#2917,#2918);
#2307=VERTEX_POINT('',#2919);
#2308=LINE('',#2920,#2921);
#2309=LINE('',#2922,#2923);
#2310=LINE('',#2924,#2925);
#2311=LINE('',#2926,#2927);
#2312=VERTEX_POINT('',#2928);
#2313=VERTEX_POINT('',#2929);
#2314=LINE('',#2930,#2931);
#2315=VERTEX_POINT('',#2932);
#2316=LINE('',#2933,#2934);
#2317=VERTEX_POINT('',#2935);
#2318=LINE('',#2936,#2937);
#2319=LINE('',#2938,#2939);
#2320=VERTEX_POINT('',#2940);
#2321=LINE('',#2941,#2942);
#2322=VERTEX_POINT('',#2943);
#2323=LINE('',#2944,#2945);
#2324=LINE('',#2946,#2947);
#2325=LINE('',#2948,#2949);
#2326=LINE('',#2950,#2951);
#2327=VERTEX_POINT('',#2952);
#2328=VERTEX_POINT('',#2953);
#2329=LINE('',#2954,#2955);
#2330=VERTEX_POINT('',#2956);
#2331=LINE('',#2957,#2958);
#2332=VERTEX_POINT('',#2959);
#2333=LINE('',#2960,#2961);
#2334=LINE('',#2962,#2963);
#2335=VERTEX_POINT('',#2964);
#2336=LINE('',#2965,#2966);
#2337=VERTEX_POINT('',#2967);
#2338=LINE('',#2968,#2969);
#2339=LINE('',#2970,#2971);
#2340=VERTEX_POINT('',#2972);
#2341=LINE('',#2973,#2974);
#2342=VERTEX_POINT('',#2975);
#2343=LINE('',#2976,#2977);
#2344=LINE('',#2978,#2979);
#2345=VERTEX_POINT('',#2980);
#2346=LINE('',#2981,#2982);
#2347=VERTEX_POINT('',#2983);
#2348=LINE('',#2984,#2985);
#2349=LINE('',#2986,#2987);
#2350=VERTEX_POINT('',#2988);
#2351=LINE('',#2989,#2990);
#2352=VERTEX_POINT('',#2991);
#2353=LINE('',#2992,#2993);
#2354=LINE('',#2994,#2995);
#2355=VERTEX_POINT('',#2996);
#2356=LINE('',#2997,#2998);
#2357=VERTEX_POINT('',#2999);
#2358=LINE('',#3000,#3001);
#2359=LINE('',#3002,#3003);
#2360=VERTEX_POINT('',#3004);
#2361=LINE('',#3005,#3006);
#2362=VERTEX_POINT('',#3007);
#2363=LINE('',#3008,#3009);
#2364=LINE('',#3010,#3011);
#2365=LINE('',#3012,#3013);
#2366=LINE('',#3014,#3015);
#2367=VERTEX_POINT('',#3016);
#2368=VERTEX_POINT('',#3017);
#2369=LINE('',#3018,#3019);
#2370=VERTEX_POINT('',#3020);
#2371=LINE('',#3021,#3022);
#2372=VERTEX_POINT('',#3023);
#2373=LINE('',#3024,#3025);
#2374=LINE('',#3026,#3027);
#2375=VERTEX_POINT('',#3028);
#2376=VERTEX_POINT('',#3029);
#2377=LINE('',#3030,#3031);
#2378=VERTEX_POINT('',#3032);
#2379=LINE('',#3033,#3034);
#2380=VERTEX_POINT('',#3035);
#2381=LINE('',#3036,#3037);
#2382=LINE('',#3038,#3039);
#2383=LINE('',#3040,#3041);
#2384=LINE('',#3042,#3043);
#2385=VERTEX_POINT('',#3044);
#2386=VERTEX_POINT('',#3045);
#2387=LINE('',#3046,#3047);
#2388=VERTEX_POINT('',#3048);
#2389=LINE('',#3049,#3050);
#2390=VERTEX_POINT('',#3051);
#2391=LINE('',#3052,#3053);
#2392=LINE('',#3054,#3055);
#2393=VERTEX_POINT('',#3056);
#2394=LINE('',#3057,#3058);
#2395=VERTEX_POINT('',#3059);
#2396=LINE('',#3060,#3061);
#2397=LINE('',#3062,#3063);
#2398=VERTEX_POINT('',#3064);
#2399=LINE('',#3065,#3066);
#2400=VERTEX_POINT('',#3067);
#2401=LINE('',#3068,#3069);
#2402=LINE('',#3070,#3071);
#2403=VERTEX_POINT('',#3072);
#2404=VERTEX_POINT('',#3073);
#2405=LINE('',#3074,#3075);
#2406=LINE('',#3076,#3077);
#2407=LINE('',#3078,#3079);
#2408=VERTEX_POINT('',#3080);
#2409=LINE('',#3081,#3082);
#2410=VERTEX_POINT('',#3083);
#2411=LINE('',#3084,#3085);
#2412=LINE('',#3086,#3087);
#2413=LINE('',#3088,#3089);
#2414=LINE('',#3090,#3091);
#2415=VERTEX_POINT('',#3092);
#2416=VERTEX_POINT('',#3093);
#2417=LINE('',#3094,#3095);
#2418=LINE('',#3096,#3097);
#2419=LINE('',#3098,#3099);
#2420=VERTEX_POINT('',#3100);
#2421=LINE('',#3101,#3102);
#2422=VERTEX_POINT('',#3103);
#2423=LINE('',#3104,#3105);
#2424=LINE('',#3106,#3107);
#2425=LINE('',#3108,#3109);
#2426=LINE('',#3110,#3111);
#2427=VERTEX_POINT('',#3112);
#2428=VERTEX_POINT('',#3113);
#2429=LINE('',#3114,#3115);
#2430=VERTEX_POINT('',#3116);
#2431=LINE('',#3117,#3118);
#2432=VERTEX_POINT('',#3119);
#2433=LINE('',#3120,#3121);
#2434=LINE('',#3122,#3123);
#2435=VERTEX_POINT('',#3124);
#2436=LINE('',#3125,#3126);
#2437=VERTEX_POINT('',#3127);
#2438=LINE('',#3128,#3129);
#2439=LINE('',#3130,#3131);
#2440=LINE('',#3132,#3133);
#2441=LINE('',#3134,#3135);
#2442=VERTEX_POINT('',#3136);
#2443=VERTEX_POINT('',#3137);
#2444=LINE('',#3138,#3139);
#2445=VERTEX_POINT('',#3140);
#2446=LINE('',#3141,#3142);
#2447=VERTEX_POINT('',#3143);
#2448=LINE('',#3144,#3145);
#2449=LINE('',#3146,#3147);
#2450=VERTEX_POINT('',#3148);
#2451=LINE('',#3149,#3150);
#2452=VERTEX_POINT('',#3151);
#2453=LINE('',#3152,#3153);
#2454=LINE('',#3154,#3155);
#2455=VERTEX_POINT('',#3156);
#2456=LINE('',#3157,#3158);
#2457=VERTEX_POINT('',#3159);
#2458=LINE('',#3160,#3161);
#2459=LINE('',#3162,#3163);
#2460=VERTEX_POINT('',#3164);
#2461=LINE('',#3165,#3166);
#2462=VERTEX_POINT('',#3167);
#2463=LINE('',#3168,#3169);
#2464=LINE('',#3170,#3171);
#2465=VERTEX_POINT('',#3172);
#2466=LINE('',#3173,#3174);
#2467=VERTEX_POINT('',#3175);
#2468=LINE('',#3176,#3177);
#2469=LINE('',#3178,#3179);
#2470=VERTEX_POINT('',#3180);
#2471=LINE('',#3181,#3182);
#2472=VERTEX_POINT('',#3183);
#2473=LINE('',#3184,#3185);
#2474=LINE('',#3186,#3187);
#2475=VERTEX_POINT('',#3188);
#2476=LINE('',#3189,#3190);
#2477=VERTEX_POINT('',#3191);
#2478=LINE('',#3192,#3193);
#2479=LINE('',#3194,#3195);
#2480=LINE('',#3196,#3197);
#2481=LINE('',#3198,#3199);
#2482=VERTEX_POINT('',#3200);
#2483=VERTEX_POINT('',#3201);
#2484=LINE('',#3202,#3203);
#2485=VERTEX_POINT('',#3204);
#2486=LINE('',#3205,#3206);
#2487=VERTEX_POINT('',#3207);
#2488=LINE('',#3208,#3209);
#2489=LINE('',#3210,#3211);
#2490=VERTEX_POINT('',#3212);
#2491=VERTEX_POINT('',#3213);
#2492=LINE('',#3214,#3215);
#2493=VERTEX_POINT('',#3216);
#2494=LINE('',#3217,#3218);
#2495=VERTEX_POINT('',#3219);
#2496=LINE('',#3220,#3221);
#2497=LINE('',#3222,#3223);
#2498=LINE('',#3224,#3225);
#2499=LINE('',#3226,#3227);
#2500=VERTEX_POINT('',#3228);
#2501=VERTEX_POINT('',#3229);
#2502=LINE('',#3230,#3231);
#2503=VERTEX_POINT('',#3232);
#2504=LINE('',#3233,#3234);
#2505=VERTEX_POINT('',#3235);
#2506=LINE('',#3236,#3237);
#2507=LINE('',#3238,#3239);
#2508=VERTEX_POINT('',#3240);
#2509=LINE('',#3241,#3242);
#2510=VERTEX_POINT('',#3243);
#2511=LINE('',#3244,#3245);
#2512=LINE('',#3246,#3247);
#2513=VERTEX_POINT('',#3248);
#2514=LINE('',#3249,#3250);
#2515=VERTEX_POINT('',#3251);
#2516=LINE('',#3252,#3253);
#2517=LINE('',#3254,#3255);
#2518=VERTEX_POINT('',#3256);
#2519=VERTEX_POINT('',#3257);
#2520=LINE('',#3258,#3259);
#2521=LINE('',#3260,#3261);
#2522=LINE('',#3262,#3263);
#2523=VERTEX_POINT('',#3264);
#2524=LINE('',#3265,#3266);
#2525=VERTEX_POINT('',#3267);
#2526=LINE('',#3268,#3269);
#2527=LINE('',#3270,#3271);
#2528=LINE('',#3272,#3273);
#2529=LINE('',#3274,#3275);
#2530=VERTEX_POINT('',#3276);
#2531=VERTEX_POINT('',#3277);
#2532=LINE('',#3278,#3279);
#2533=LINE('',#3280,#3281);
#2534=LINE('',#3282,#3283);
#2535=VERTEX_POINT('',#3284);
#2536=LINE('',#3285,#3286);
#2537=VERTEX_POINT('',#3287);
#2538=LINE('',#3288,#3289);
#2539=LINE('',#3290,#3291);
#2540=LINE('',#3292,#3293);
#2541=LINE('',#3294,#3295);
#2542=VERTEX_POINT('',#3296);
#2543=VERTEX_POINT('',#3297);
#2544=LINE('',#3298,#3299);
#2545=VERTEX_POINT('',#3300);
#2546=LINE('',#3301,#3302);
#2547=VERTEX_POINT('',#3303);
#2548=LINE('',#3304,#3305);
#2549=LINE('',#3306,#3307);
#2550=VERTEX_POINT('',#3308);
#2551=LINE('',#3309,#3310);
#2552=VERTEX_POINT('',#3311);
#2553=LINE('',#3312,#3313);
#2554=LINE('',#3314,#3315);
#2555=LINE('',#3316,#3317);
#2556=LINE('',#3318,#3319);
#2557=VERTEX_POINT('',#3320);
#2558=VERTEX_POINT('',#3321);
#2559=LINE('',#3322,#3323);
#2560=VERTEX_POINT('',#3324);
#2561=LINE('',#3325,#3326);
#2562=VERTEX_POINT('',#3327);
#2563=LINE('',#3328,#3329);
#2564=LINE('',#3330,#3331);
#2565=VERTEX_POINT('',#3332);
#2566=LINE('',#3333,#3334);
#2567=VERTEX_POINT('',#3335);
#2568=LINE('',#3336,#3337);
#2569=LINE('',#3338,#3339);
#2570=VERTEX_POINT('',#3340);
#2571=LINE('',#3341,#3342);
#2572=VERTEX_POINT('',#3343);
#2573=LINE('',#3344,#3345);
#2574=LINE('',#3346,#3347);
#2575=VERTEX_POINT('',#3348);
#2576=LINE('',#3349,#3350);
#2577=VERTEX_POINT('',#3351);
#2578=LINE('',#3352,#3353);
#2579=LINE('',#3354,#3355);
#2580=VERTEX_POINT('',#3356);
#2581=LINE('',#3357,#3358);
#2582=VERTEX_POINT('',#3359);
#2583=LINE('',#3360,#3361);
#2584=LINE('',#3362,#3363);
#2585=VERTEX_POINT('',#3364);
#2586=LINE('',#3365,#3366);
#2587=VERTEX_POINT('',#3367);
#2588=LINE('',#3368,#3369);
#2589=LINE('',#3370,#3371);
#2590=VERTEX_POINT('',#3372);
#2591=LINE('',#3373,#3374);
#2592=VERTEX_POINT('',#3375);
#2593=LINE('',#3376,#3377);
#2594=LINE('',#3378,#3379);
#2595=LINE('',#3380,#3381);
#2596=LINE('',#3382,#3383);
#2597=VERTEX_POINT('',#3384);
#2598=VERTEX_POINT('',#3385);
#2599=LINE('',#3386,#3387);
#2600=VERTEX_POINT('',#3388);
#2601=LINE('',#3389,#3390);
#2602=VERTEX_POINT('',#3391);
#2603=LINE('',#3392,#3393);
#2604=LINE('',#3394,#3395);
#2605=VERTEX_POINT('',#3396);
#2606=VERTEX_POINT('',#3397);
#2607=LINE('',#3398,#3399);
#2608=VERTEX_POINT('',#3400);
#2609=LINE('',#3401,#3402);
#2610=VERTEX_POINT('',#3403);
#2611=LINE('',#3404,#3405);
#2612=LINE('',#3406,#3407);
#2613=LINE('',#3408,#3409);
#2614=LINE('',#3410,#3411);
#2615=VERTEX_POINT('',#3412);
#2616=VERTEX_POINT('',#3413);
#2617=LINE('',#3414,#3415);
#2618=VERTEX_POINT('',#3416);
#2619=LINE('',#3417,#3418);
#2620=VERTEX_POINT('',#3419);
#2621=LINE('',#3420,#3421);
#2622=LINE('',#3422,#3423);
#2623=VERTEX_POINT('',#3424);
#2624=LINE('',#3425,#3426);
#2625=VERTEX_POINT('',#3427);
#2626=LINE('',#3428,#3429);
#2627=LINE('',#3430,#3431);
#2628=VERTEX_POINT('',#3432);
#2629=LINE('',#3433,#3434);
#2630=VERTEX_POINT('',#3435);
#2631=LINE('',#3436,#3437);
#2632=LINE('',#3438,#3439);
#2633=VERTEX_POINT('',#3440);
#2634=VERTEX_POINT('',#3441);
#2635=LINE('',#3442,#3443);
#2636=LINE('',#3444,#3445);
#2637=LINE('',#3446,#3447);
#2638=VERTEX_POINT('',#3448);
#2639=LINE('',#3449,#3450);
#2640=VERTEX_POINT('',#3451);
#2641=LINE('',#3452,#3453);
#2642=LINE('',#3454,#3455);
#2643=LINE('',#3456,#3457);
#2644=LINE('',#3458,#3459);
#2645=VERTEX_POINT('',#3460);
#2646=VERTEX_POINT('',#3461);
#2647=LINE('',#3462,#3463);
#2648=LINE('',#3464,#3465);
#2649=LINE('',#3466,#3467);
#2650=VERTEX_POINT('',#3468);
#2651=LINE('',#3469,#3470);
#2652=VERTEX_POINT('',#3471);
#2653=LINE('',#3472,#3473);
#2654=LINE('',#3474,#3475);
#2655=LINE('',#3476,#3477);
#2656=LINE('',#3478,#3479);
#2657=VERTEX_POINT('',#3480);
#2658=VERTEX_POINT('',#3481);
#2659=LINE('',#3482,#3483);
#2660=VERTEX_POINT('',#3484);
#2661=LINE('',#3485,#3486);
#2662=VERTEX_POINT('',#3487);
#2663=LINE('',#3488,#3489);
#2664=LINE('',#3490,#3491);
#2665=VERTEX_POINT('',#3492);
#2666=LINE('',#3493,#3494);
#2667=VERTEX_POINT('',#3495);
#2668=LINE('',#3496,#3497);
#2669=LINE('',#3498,#3499);
#2670=LINE('',#3500,#3501);
#2671=LINE('',#3502,#3503);
#2672=VERTEX_POINT('',#3504);
#2673=VERTEX_POINT('',#3505);
#2674=LINE('',#3506,#3507);
#2675=VERTEX_POINT('',#3508);
#2676=LINE('',#3509,#3510);
#2677=VERTEX_POINT('',#3511);
#2678=LINE('',#3512,#3513);
#2679=LINE('',#3514,#3515);
#2680=VERTEX_POINT('',#3516);
#2681=VERTEX_POINT('',#3517);
#2682=LINE('',#3518,#3519);
#2683=VERTEX_POINT('',#3520);
#2684=LINE('',#3521,#3522);
#2685=VERTEX_POINT('',#3523);
#2686=LINE('',#3524,#3525);
#2687=LINE('',#3526,#3527);
#2688=VERTEX_POINT('',#3528);
#2689=VERTEX_POINT('',#3529);
#2690=LINE('',#3530,#3531);
#2691=VERTEX_POINT('',#3532);
#2692=LINE('',#3533,#3534);
#2693=VERTEX_POINT('',#3535);
#2694=LINE('',#3536,#3537);
#2695=LINE('',#3538,#3539);
#2696=VERTEX_POINT('',#3540);
#2697=VERTEX_POINT('',#3541);
#2698=LINE('',#3542,#3543);
#2699=VERTEX_POINT('',#3544);
#2700=LINE('',#3545,#3546);
#2701=VERTEX_POINT('',#3547);
#2702=LINE('',#3548,#3549);
#2703=LINE('',#3550,#3551);
#2704=CARTESIAN_POINT('',(4.0,-4.0,0.0));
#2705=CARTESIAN_POINT('',(4.0,4.0,0.0));
#2706=CARTESIAN_POINT('',(4.0,0.0,0.0));
#2707=VECTOR('',#3552,1.0);
#2708=CARTESIAN_POINT('',(-4.0,4.0,0.0));
#2709=CARTESIAN_POINT('',(0.0,4.0,0.0));
#2710=VECTOR('',#3553,1.0);
#2711=CARTESIAN_POINT('',(-4.0,-4.0,0.0));
#2712=CARTESIAN_POINT('',(-4.0,0.0,0.0));
#2713=VECTOR('',#3554,1.0);
#2714=CARTESIAN_POINT('',(0.0,-4.0,0.0));
#2715=VECTOR('',#3555,1.0);
#2716=CARTESIAN_POINT('',(4.0,4.0,-0.0175));
#2717=CARTESIAN_POINT('',(4.0,-4.0,-0.0175));
#2718=CARTESIAN_POINT('',(4.0,0.0,-0.0175));
#2719=VECTOR('',#3556,1.0);
#2720=CARTESIAN_POINT('',(-4.0,-4.0,-0.0175));
#2721=CARTESIAN_POINT('',(0.0,-4.0,-0.0175));
#2722=VECTOR('',#3557,1.0);
#2723=CARTESIAN_POINT('',(-4.0,4.0,-0.0175));
#2724=CARTESIAN_POINT('',(-4.0,0.0,-0.0175));
#2725=VECTOR('',#3558,1.0);
#2726=CARTESIAN_POINT('',(0.0,4.0,-0.0175));
#2727=VECTOR('',#3559,1.0);
#2728=CARTESIAN_POINT('',(-4.0,-4.0,-0.00875));
#2729=VECTOR('',#3560,1.0);
#2730=CARTESIAN_POINT('',(4.0,-4.0,-0.00875));
#2731=VECTOR('',#3561,1.0);
#2732=CARTESIAN_POINT('',(-4.0,4.0,-0.00875));
#2733=VECTOR('',#3562,1.0);
#2734=CARTESIAN_POINT('',(4.0,4.0,-0.00875));
#2735=VECTOR('',#3563,1.0);
#2736=CARTESIAN_POINT('',(4.0,-4.0,0.125));
#2737=CARTESIAN_POINT('',(4.0,4.0,0.125));
#2738=CARTESIAN_POINT('',(4.0,0.0,0.125));
#2739=VECTOR('',#3564,1.0);
#2740=CARTESIAN_POINT('',(-4.0,4.0,0.125));
#2741=CARTESIAN_POINT('',(0.0,4.0,0.125));
#2742=VECTOR('',#3565,1.0);
#2743=CARTESIAN_POINT('',(-4.0,-4.0,0.125));
#2744=CARTESIAN_POINT('',(-4.0,0.0,0.125));
#2745=VECTOR('',#3566,1.0);
#2746=CARTESIAN_POINT('',(0.0,-4.0,0.125));
#2747=VECTOR('',#3567,1.0);
#2748=CARTESIAN_POINT('',(4.0,4.0,0.0));
#2749=CARTESIAN_POINT('',(4.0,-4.0,0.0));
#2750=CARTESIAN_POINT('',(4.0,0.0,0.0));
#2751=VECTOR('',#3568,1.0);
#2752=CARTESIAN_POINT('',(-4.0,-4.0,0.0));
#2753=CARTESIAN_POINT('',(0.0,-4.0,0.0));
#2754=VECTOR('',#3569,1.0);
#2755=CARTESIAN_POINT('',(-4.0,4.0,0.0));
#2756=CARTESIAN_POINT('',(-4.0,0.0,0.0));
#2757=VECTOR('',#3570,1.0);
#2758=CARTESIAN_POINT('',(0.0,4.0,0.0));
#2759=VECTOR('',#3571,1.0);
#2760=CARTESIAN_POINT('',(-4.0,-4.0,0.0625));
#2761=VECTOR('',#3572,1.0);
#2762=CARTESIAN_POINT('',(4.0,-4.0,0.0625));
#2763=VECTOR('',#3573,1.0);
#2764=CARTESIAN_POINT('',(-4.0,4.0,0.0625));
#2765=VECTOR('',#3574,1.0);
#2766=CARTESIAN_POINT('',(4.0,4.0,0.0625));
#2767=VECTOR('',#3575,1.0);
#2768=CARTESIAN_POINT('',(-2.47,0.0,0.125));
#2769=CARTESIAN_POINT('',(-2.47,0.0,0.1425));
#2770=CARTESIAN_POINT('',(-2.47,0.0,0.129375));
#2771=VECTOR('',#3576,1.0);
#2772=CARTESIAN_POINT('',(-2.52272077938642,-0.127279220613579,0.125));
#2773=CARTESIAN_POINT('',(-2.90065902288362,-1.03970285380399,0.125));
#2774=VECTOR('',#3577,1.0);
#2775=CARTESIAN_POINT('',(-2.52272077938642,-0.127279220613579,0.1425));
#2776=CARTESIAN_POINT('',(-2.52272077938642,-0.127279220613579,0.129375));
#2777=VECTOR('',#3578,1.0);
#2778=CARTESIAN_POINT('',(-2.90065902288362,-1.03970285380399,0.1425));
#2779=VECTOR('',#3579,1.0);
#2780=CARTESIAN_POINT('',(-2.65,-0.18,0.125));
#2781=CARTESIAN_POINT('',(-3.00929863319041,-0.328826366809585,0.125));
#2782=VECTOR('',#3580,1.0);
#2783=CARTESIAN_POINT('',(-2.65,-0.18,0.1425));
#2784=CARTESIAN_POINT('',(-2.65,-0.18,0.129375));
#2785=VECTOR('',#3581,1.0);
#2786=CARTESIAN_POINT('',(-3.00929863319041,-0.328826366809585,0.1425));
#2787=VECTOR('',#3582,1.0);
#2788=CARTESIAN_POINT('',(-2.77727922061358,-0.127279220613579,0.125));
#2789=CARTESIAN_POINT('',(-2.35434097711638,-0.302465977116375,0.125));
#2790=VECTOR('',#3583,1.0);
#2791=CARTESIAN_POINT('',(-2.77727922061358,-0.127279220613579,0.1425));
#2792=CARTESIAN_POINT('',(-2.77727922061358,-0.127279220613579,0.129375));
#2793=VECTOR('',#3584,1.0);
#2794=CARTESIAN_POINT('',(-2.35434097711638,-0.302465977116375,0.1425));
#2795=VECTOR('',#3585,1.0);
#2796=CARTESIAN_POINT('',(-2.83,2.77555756156289E-17,0.125));
#2797=CARTESIAN_POINT('',(-2.42570136680959,-0.976063243497204,0.125));
#2798=VECTOR('',#3586,1.0);
#2799=CARTESIAN_POINT('',(-2.83,2.77555756156289E-17,0.1425));
#2800=CARTESIAN_POINT('',(-2.83,2.77555756156289E-17,0.129375));
#2801=VECTOR('',#3587,1.0);
#2802=CARTESIAN_POINT('',(-2.42570136680959,-0.976063243497204,0.1425));
#2803=VECTOR('',#3588,1.0);
#2804=CARTESIAN_POINT('',(-2.77727922061358,0.127279220613579,0.125));
#2805=CARTESIAN_POINT('',(-3.18157785380399,-0.848784022883625,0.125));
#2806=VECTOR('',#3589,1.0);
#2807=CARTESIAN_POINT('',(-2.77727922061358,0.127279220613579,0.1425));
#2808=CARTESIAN_POINT('',(-2.77727922061358,0.127279220613579,0.129375));
#2809=VECTOR('',#3590,1.0);
#2810=CARTESIAN_POINT('',(-3.18157785380399,-0.848784022883625,0.1425));
#2811=VECTOR('',#3591,1.0);
#2812=CARTESIAN_POINT('',(-2.65,0.18,0.125));
#2813=CARTESIAN_POINT('',(-3.0729382434972,0.00481324349720375,0.125));
#2814=VECTOR('',#3592,1.0);
#2815=CARTESIAN_POINT('',(-2.65,0.18,0.1425));
#2816=CARTESIAN_POINT('',(-2.65,0.18,0.129375));
#2817=VECTOR('',#3593,1.0);
#2818=CARTESIAN_POINT('',(-3.0729382434972,0.00481324349720375,0.1425));
#2819=VECTOR('',#3594,1.0);
#2820=CARTESIAN_POINT('',(-2.52272077938642,0.127279220613579,0.125));
#2821=CARTESIAN_POINT('',(-2.16342214619601,-0.0215471461960071,0.125));
#2822=VECTOR('',#3595,1.0);
#2823=CARTESIAN_POINT('',(-2.52272077938642,0.127279220613579,0.1425));
#2824=CARTESIAN_POINT('',(-2.52272077938642,0.127279220613579,0.129375));
#2825=VECTOR('',#3596,1.0);
#2826=CARTESIAN_POINT('',(-2.16342214619601,-0.0215471461960071,0.1425));
#2827=VECTOR('',#3597,1.0);
#2828=CARTESIAN_POINT('',(-2.0920617565028,-0.912423633190414,0.125));
#2829=VECTOR('',#3598,1.0);
#2830=CARTESIAN_POINT('',(-2.0920617565028,-0.912423633190414,0.1425));
#2831=VECTOR('',#3599,1.0);
#2832=CARTESIAN_POINT('',(-2.4575,-4.0,0.1425));
#2833=CARTESIAN_POINT('',(-2.4575,-4.0,0.125));
#2834=CARTESIAN_POINT('',(-2.4575,-4.0,0.13375));
#2835=VECTOR('',#3600,1.0);
#2836=CARTESIAN_POINT('',(-2.4575,-0.095,0.125));
#2837=CARTESIAN_POINT('',(-2.4575,-2.2125,0.125));
#2838=VECTOR('',#3601,1.0);
#2839=CARTESIAN_POINT('',(-2.4575,-0.095,0.1425));
#2840=CARTESIAN_POINT('',(-2.4575,-0.095,0.13375));
#2841=VECTOR('',#3602,1.0);
#2842=CARTESIAN_POINT('',(-2.4575,-2.2125,0.1425));
#2843=VECTOR('',#3603,1.0);
#2844=CARTESIAN_POINT('',(-2.8425,-0.095,0.1425));
#2845=CARTESIAN_POINT('',(-2.8425,-4.0,0.1425));
#2846=CARTESIAN_POINT('',(-2.8425,-1.23625,0.1425));
#2847=VECTOR('',#3604,1.0);
#2848=CARTESIAN_POINT('',(-2.8425,-0.095,0.125));
#2849=CARTESIAN_POINT('',(-2.8425,-0.095,0.13375));
#2850=VECTOR('',#3605,1.0);
#2851=CARTESIAN_POINT('',(-2.8425,-4.0,0.125));
#2852=CARTESIAN_POINT('',(-2.8425,-2.2125,0.125));
#2853=VECTOR('',#3606,1.0);
#2854=CARTESIAN_POINT('',(-2.8425,-4.0,0.13375));
#2855=VECTOR('',#3607,1.0);
#2856=CARTESIAN_POINT('',(-2.65,-4.0,0.125));
#2857=VECTOR('',#3608,1.0);
#2858=CARTESIAN_POINT('',(-2.65,-4.0,0.1425));
#2859=VECTOR('',#3609,1.0);
#2860=CARTESIAN_POINT('',(-2.2,-0.425,0.1425));
#2861=CARTESIAN_POINT('',(-2.2,-0.425,0.125));
#2862=CARTESIAN_POINT('',(-2.2,-0.425,0.13375));
#2863=VECTOR('',#3610,1.0);
#2864=CARTESIAN_POINT('',(-2.2,0.425,0.125));
#2865=CARTESIAN_POINT('',(-2.2,0.0,0.125));
#2866=VECTOR('',#3611,1.0);
#2867=CARTESIAN_POINT('',(-2.2,0.425,0.1425));
#2868=CARTESIAN_POINT('',(-2.2,0.425,0.13375));
#2869=VECTOR('',#3612,1.0);
#2870=CARTESIAN_POINT('',(-2.2,0.0,0.1425));
#2871=VECTOR('',#3613,1.0);
#2872=CARTESIAN_POINT('',(-3.1,0.425,0.125));
#2873=CARTESIAN_POINT('',(-2.65,0.425,0.125));
#2874=VECTOR('',#3614,1.0);
#2875=CARTESIAN_POINT('',(-3.1,0.425,0.1425));
#2876=CARTESIAN_POINT('',(-3.1,0.425,0.13375));
#2877=VECTOR('',#3615,1.0);
#2878=CARTESIAN_POINT('',(-2.65,0.425,0.1425));
#2879=VECTOR('',#3616,1.0);
#2880=CARTESIAN_POINT('',(-3.1,-0.425,0.125));
#2881=CARTESIAN_POINT('',(-3.1,0.0,0.125));
#2882=VECTOR('',#3617,1.0);
#2883=CARTESIAN_POINT('',(-3.1,-0.425,0.1425));
#2884=CARTESIAN_POINT('',(-3.1,-0.425,0.13375));
#2885=VECTOR('',#3618,1.0);
#2886=CARTESIAN_POINT('',(-3.1,0.0,0.1425));
#2887=VECTOR('',#3619,1.0);
#2888=CARTESIAN_POINT('',(-2.9425,-0.425,0.125));
#2889=CARTESIAN_POINT('',(-2.9425,-0.425,0.1425));
#2890=CARTESIAN_POINT('',(-2.9425,-0.425,0.13375));
#2891=VECTOR('',#3620,1.0);
#2892=CARTESIAN_POINT('',(-2.65,-0.425,0.1425));
#2893=VECTOR('',#3621,1.0);
#2894=CARTESIAN_POINT('',(-2.65,-0.425,0.125));
#2895=VECTOR('',#3622,1.0);
#2896=CARTESIAN_POINT('',(-2.9425,-0.095,0.1425));
#2897=CARTESIAN_POINT('',(-2.77125,-0.095,0.1425));
#2898=VECTOR('',#3623,1.0);
#2899=CARTESIAN_POINT('',(-2.9425,-0.095,0.125));
#2900=CARTESIAN_POINT('',(-2.9425,-0.095,0.13375));
#2901=VECTOR('',#3624,1.0);
#2902=CARTESIAN_POINT('',(-2.77125,-0.095,0.125));
#2903=VECTOR('',#3625,1.0);
#2904=CARTESIAN_POINT('',(-2.9425,-1.23625,0.1425));
#2905=VECTOR('',#3626,1.0);
#2906=CARTESIAN_POINT('',(-2.9425,-1.23625,0.125));
#2907=VECTOR('',#3627,1.0);
#2908=CARTESIAN_POINT('',(-2.3575,-0.425,0.1425));
#2909=CARTESIAN_POINT('',(-2.3575,-0.425,0.125));
#2910=CARTESIAN_POINT('',(-2.3575,-0.425,0.13375));
#2911=VECTOR('',#3628,1.0);
#2912=CARTESIAN_POINT('',(-2.65,-0.425,0.125));
#2913=VECTOR('',#3629,1.0);
#2914=CARTESIAN_POINT('',(-2.65,-0.425,0.1425));
#2915=VECTOR('',#3630,1.0);
#2916=CARTESIAN_POINT('',(-2.3575,-0.095,0.1425));
#2917=CARTESIAN_POINT('',(-2.3575,-1.23625,0.1425));
#2918=VECTOR('',#3631,1.0);
#2919=CARTESIAN_POINT('',(-2.3575,-0.095,0.125));
#2920=CARTESIAN_POINT('',(-2.3575,-0.095,0.13375));
#2921=VECTOR('',#3632,1.0);
#2922=CARTESIAN_POINT('',(-2.3575,-1.23625,0.125));
#2923=VECTOR('',#3633,1.0);
#2924=CARTESIAN_POINT('',(-2.52875,-0.095,0.1425));
#2925=VECTOR('',#3634,1.0);
#2926=CARTESIAN_POINT('',(-2.52875,-0.095,0.125));
#2927=VECTOR('',#3635,1.0);
#2928=CARTESIAN_POINT('',(-2.71893654271085,0.0121553724366852,0.125));
#2929=CARTESIAN_POINT('',(-2.71893654271085,0.0121553724366852,0.1425));
#2930=CARTESIAN_POINT('',(-2.71893654271085,0.0121553724366852,0.129375));
#2931=VECTOR('',#3636,1.0);
#2932=CARTESIAN_POINT('',(-2.60500486732194,0.0536231110183284,0.1425));
#2933=CARTESIAN_POINT('',(-2.60500486732194,0.0536231110183284,0.1425));
#2934=VECTOR('',#3637,0.999999999999999);
#2935=CARTESIAN_POINT('',(-2.60500486732194,0.0536231110183284,0.125));
#2936=CARTESIAN_POINT('',(-2.60500486732194,0.0536231110183284,0.129375));
#2937=VECTOR('',#3638,1.0);
#2938=CARTESIAN_POINT('',(-2.60500486732194,0.0536231110183284,0.125));
#2939=VECTOR('',#3639,0.999999999999999);
#2940=CARTESIAN_POINT('',(-2.6260585899672,-0.0657784834550136,0.1425));
#2941=CARTESIAN_POINT('',(-2.6260585899672,-0.0657784834550136,0.1425));
#2942=VECTOR('',#3640,0.999999999999999);
#2943=CARTESIAN_POINT('',(-2.6260585899672,-0.0657784834550136,0.125));
#2944=CARTESIAN_POINT('',(-2.6260585899672,-0.0657784834550136,0.129375));
#2945=VECTOR('',#3641,1.0);
#2946=CARTESIAN_POINT('',(-2.6260585899672,-0.0657784834550136,0.125));
#2947=VECTOR('',#3642,0.999999999999999);
#2948=CARTESIAN_POINT('',(-2.71893654271085,0.0121553724366852,0.1425));
#2949=VECTOR('',#3643,0.999999999999999);
#2950=CARTESIAN_POINT('',(-2.71893654271085,0.0121553724366852,0.125));
#2951=VECTOR('',#3644,0.999999999999999);
#2952=CARTESIAN_POINT('',(-1.51243879694698E-16,-2.47,0.125));
#2953=CARTESIAN_POINT('',(-1.51243879694698E-16,-2.47,0.1425));
#2954=CARTESIAN_POINT('',(-1.51243879694698E-16,-2.47,0.129375));
#2955=VECTOR('',#3645,1.0);
#2956=CARTESIAN_POINT('',(0.127279220613578,-2.52272077938642,0.125));
#2957=CARTESIAN_POINT('',(1.03970285380399,-2.90065902288362,0.125));
#2958=VECTOR('',#3646,0.999999999999999);
#2959=CARTESIAN_POINT('',(0.127279220613578,-2.52272077938642,0.1425));
#2960=CARTESIAN_POINT('',(0.127279220613578,-2.52272077938642,0.129375));
#2961=VECTOR('',#3647,1.0);
#2962=CARTESIAN_POINT('',(1.03970285380399,-2.90065902288362,0.1425));
#2963=VECTOR('',#3648,0.999999999999999);
#2964=CARTESIAN_POINT('',(0.18,-2.65,0.125));
#2965=CARTESIAN_POINT('',(0.328826366809585,-3.00929863319041,0.125));
#2966=VECTOR('',#3649,1.0);
#2967=CARTESIAN_POINT('',(0.18,-2.65,0.1425));
#2968=CARTESIAN_POINT('',(0.18,-2.65,0.129375));
#2969=VECTOR('',#3650,1.0);
#2970=CARTESIAN_POINT('',(0.328826366809585,-3.00929863319041,0.1425));
#2971=VECTOR('',#3651,1.0);
#2972=CARTESIAN_POINT('',(0.127279220613578,-2.77727922061358,0.125));
#2973=CARTESIAN_POINT('',(0.302465977116375,-2.35434097711638,0.125));
#2974=VECTOR('',#3652,1.0);
#2975=CARTESIAN_POINT('',(0.127279220613578,-2.77727922061358,0.1425));
#2976=CARTESIAN_POINT('',(0.127279220613578,-2.77727922061358,0.129375));
#2977=VECTOR('',#3653,1.0);
#2978=CARTESIAN_POINT('',(0.302465977116375,-2.35434097711638,0.1425));
#2979=VECTOR('',#3654,1.0);
#2980=CARTESIAN_POINT('',(-2.01043097694979E-16,-2.83,0.125));
#2981=CARTESIAN_POINT('',(0.976063243497204,-2.42570136680959,0.125));
#2982=VECTOR('',#3655,1.0);
#2983=CARTESIAN_POINT('',(-2.01043097694979E-16,-2.83,0.1425));
#2984=CARTESIAN_POINT('',(-2.01043097694979E-16,-2.83,0.129375));
#2985=VECTOR('',#3656,1.0);
#2986=CARTESIAN_POINT('',(0.976063243497204,-2.42570136680959,0.1425));
#2987=VECTOR('',#3657,1.0);
#2988=CARTESIAN_POINT('',(-0.127279220613579,-2.77727922061358,0.125));
#2989=CARTESIAN_POINT('',(0.848784022883625,-3.18157785380399,0.125));
#2990=VECTOR('',#3658,1.0);
#2991=CARTESIAN_POINT('',(-0.127279220613579,-2.77727922061358,0.1425));
#2992=CARTESIAN_POINT('',(-0.127279220613579,-2.77727922061358,0.129375));
#2993=VECTOR('',#3659,1.0);
#2994=CARTESIAN_POINT('',(0.848784022883625,-3.18157785380399,0.1425));
#2995=VECTOR('',#3660,1.0);
#2996=CARTESIAN_POINT('',(-0.18,-2.65,0.125));
#2997=CARTESIAN_POINT('',(-0.00481324349720393,-3.0729382434972,0.125));
#2998=VECTOR('',#3661,1.0);
#2999=CARTESIAN_POINT('',(-0.18,-2.65,0.1425));
#3000=CARTESIAN_POINT('',(-0.18,-2.65,0.129375));
#3001=VECTOR('',#3662,1.0);
#3002=CARTESIAN_POINT('',(-0.00481324349720393,-3.0729382434972,0.1425));
#3003=VECTOR('',#3663,1.0);
#3004=CARTESIAN_POINT('',(-0.127279220613579,-2.52272077938642,0.125));
#3005=CARTESIAN_POINT('',(0.021547146196007,-2.16342214619601,0.125));
#3006=VECTOR('',#3664,1.0);
#3007=CARTESIAN_POINT('',(-0.127279220613579,-2.52272077938642,0.1425));
#3008=CARTESIAN_POINT('',(-0.127279220613579,-2.52272077938642,0.129375));
#3009=VECTOR('',#3665,1.0);
#3010=CARTESIAN_POINT('',(0.021547146196007,-2.16342214619601,0.1425));
#3011=VECTOR('',#3666,1.0);
#3012=CARTESIAN_POINT('',(0.912423633190414,-2.0920617565028,0.125));
#3013=VECTOR('',#3667,1.0);
#3014=CARTESIAN_POINT('',(0.912423633190414,-2.0920617565028,0.1425));
#3015=VECTOR('',#3668,1.0);
#3016=CARTESIAN_POINT('',(4.0,-2.4575,0.1425));
#3017=CARTESIAN_POINT('',(4.0,-2.4575,0.125));
#3018=CARTESIAN_POINT('',(4.0,-2.4575,0.13375));
#3019=VECTOR('',#3669,1.0);
#3020=CARTESIAN_POINT('',(0.0949999999999999,-2.4575,0.125));
#3021=CARTESIAN_POINT('',(2.2125,-2.4575,0.125));
#3022=VECTOR('',#3670,1.0);
#3023=CARTESIAN_POINT('',(0.0949999999999999,-2.4575,0.1425));
#3024=CARTESIAN_POINT('',(0.0949999999999999,-2.4575,0.13375));
#3025=VECTOR('',#3671,1.0);
#3026=CARTESIAN_POINT('',(2.2125,-2.4575,0.1425));
#3027=VECTOR('',#3672,1.0);
#3028=CARTESIAN_POINT('',(0.0949999999999998,-2.8425,0.1425));
#3029=CARTESIAN_POINT('',(4.0,-2.8425,0.1425));
#3030=CARTESIAN_POINT('',(1.23625,-2.8425,0.1425));
#3031=VECTOR('',#3673,1.0);
#3032=CARTESIAN_POINT('',(0.0949999999999998,-2.8425,0.125));
#3033=CARTESIAN_POINT('',(0.0949999999999998,-2.8425,0.13375));
#3034=VECTOR('',#3674,1.0);
#3035=CARTESIAN_POINT('',(4.0,-2.8425,0.125));
#3036=CARTESIAN_POINT('',(2.2125,-2.8425,0.125));
#3037=VECTOR('',#3675,1.0);
#3038=CARTESIAN_POINT('',(4.0,-2.8425,0.13375));
#3039=VECTOR('',#3676,1.0);
#3040=CARTESIAN_POINT('',(4.0,-2.65,0.125));
#3041=VECTOR('',#3677,1.0);
#3042=CARTESIAN_POINT('',(4.0,-2.65,0.1425));
#3043=VECTOR('',#3678,1.0);
#3044=CARTESIAN_POINT('',(0.425,-2.2,0.1425));
#3045=CARTESIAN_POINT('',(0.425,-2.2,0.125));
#3046=CARTESIAN_POINT('',(0.425,-2.2,0.13375));
#3047=VECTOR('',#3679,1.0);
#3048=CARTESIAN_POINT('',(-0.425,-2.2,0.125));
#3049=CARTESIAN_POINT('',(-1.34711147906209E-16,-2.2,0.125));
#3050=VECTOR('',#3680,1.0);
#3051=CARTESIAN_POINT('',(-0.425,-2.2,0.1425));
#3052=CARTESIAN_POINT('',(-0.425,-2.2,0.13375));
#3053=VECTOR('',#3681,1.0);
#3054=CARTESIAN_POINT('',(-1.34711147906209E-16,-2.2,0.1425));
#3055=VECTOR('',#3682,1.0);
#3056=CARTESIAN_POINT('',(-0.425,-3.1,0.125));
#3057=CARTESIAN_POINT('',(-0.425,-2.65,0.125));
#3058=VECTOR('',#3683,1.0);
#3059=CARTESIAN_POINT('',(-0.425,-3.1,0.1425));
#3060=CARTESIAN_POINT('',(-0.425,-3.1,0.13375));
#3061=VECTOR('',#3684,1.0);
#3062=CARTESIAN_POINT('',(-0.425,-2.65,0.1425));
#3063=VECTOR('',#3685,1.0);
#3064=CARTESIAN_POINT('',(0.425,-3.1,0.125));
#3065=CARTESIAN_POINT('',(-1.8982025386784E-16,-3.1,0.125));
#3066=VECTOR('',#3686,1.0);
#3067=CARTESIAN_POINT('',(0.425,-3.1,0.1425));
#3068=CARTESIAN_POINT('',(0.425,-3.1,0.13375));
#3069=VECTOR('',#3687,1.0);
#3070=CARTESIAN_POINT('',(-1.8982025386784E-16,-3.1,0.1425));
#3071=VECTOR('',#3688,1.0);
#3072=CARTESIAN_POINT('',(0.425,-2.9425,0.125));
#3073=CARTESIAN_POINT('',(0.425,-2.9425,0.1425));
#3074=CARTESIAN_POINT('',(0.425,-2.9425,0.13375));
#3075=VECTOR('',#3689,1.0);
#3076=CARTESIAN_POINT('',(0.425,-2.65,0.1425));
#3077=VECTOR('',#3690,1.0);
#3078=CARTESIAN_POINT('',(0.425,-2.65,0.125));
#3079=VECTOR('',#3691,1.0);
#3080=CARTESIAN_POINT('',(0.0949999999999998,-2.9425,0.1425));
#3081=CARTESIAN_POINT('',(0.0949999999999999,-2.77125,0.1425));
#3082=VECTOR('',#3692,1.0);
#3083=CARTESIAN_POINT('',(0.0949999999999998,-2.9425,0.125));
#3084=CARTESIAN_POINT('',(0.0949999999999998,-2.9425,0.13375));
#3085=VECTOR('',#3693,1.0);
#3086=CARTESIAN_POINT('',(0.0949999999999999,-2.77125,0.125));
#3087=VECTOR('',#3694,1.0);
#3088=CARTESIAN_POINT('',(1.23625,-2.9425,0.1425));
#3089=VECTOR('',#3695,1.0);
#3090=CARTESIAN_POINT('',(1.23625,-2.9425,0.125));
#3091=VECTOR('',#3696,1.0);
#3092=CARTESIAN_POINT('',(0.425,-2.3575,0.1425));
#3093=CARTESIAN_POINT('',(0.425,-2.3575,0.125));
#3094=CARTESIAN_POINT('',(0.425,-2.3575,0.13375));
#3095=VECTOR('',#3697,1.0);
#3096=CARTESIAN_POINT('',(0.425,-2.65,0.125));
#3097=VECTOR('',#3698,1.0);
#3098=CARTESIAN_POINT('',(0.425,-2.65,0.1425));
#3099=VECTOR('',#3699,1.0);
#3100=CARTESIAN_POINT('',(0.0949999999999999,-2.3575,0.1425));
#3101=CARTESIAN_POINT('',(1.23625,-2.3575,0.1425));
#3102=VECTOR('',#3700,1.0);
#3103=CARTESIAN_POINT('',(0.0949999999999999,-2.3575,0.125));
#3104=CARTESIAN_POINT('',(0.0949999999999999,-2.3575,0.13375));
#3105=VECTOR('',#3701,1.0);
#3106=CARTESIAN_POINT('',(1.23625,-2.3575,0.125));
#3107=VECTOR('',#3702,1.0);
#3108=CARTESIAN_POINT('',(0.0949999999999999,-2.52875,0.1425));
#3109=VECTOR('',#3703,1.0);
#3110=CARTESIAN_POINT('',(0.0949999999999999,-2.52875,0.125));
#3111=VECTOR('',#3704,1.0);
#3112=CARTESIAN_POINT('',(-0.0121553724366853,-2.71893654271085,0.125));
#3113=CARTESIAN_POINT('',(-0.0121553724366853,-2.71893654271085,0.1425));
#3114=CARTESIAN_POINT('',(-0.0121553724366853,-2.71893654271085,0.129375));
#3115=VECTOR('',#3705,1.0);
#3116=CARTESIAN_POINT('',(-0.0536231110183286,-2.60500486732194,0.1425));
#3117=CARTESIAN_POINT('',(-0.0536231110183286,-2.60500486732194,0.1425));
#3118=VECTOR('',#3706,0.999999999999999);
#3119=CARTESIAN_POINT('',(-0.0536231110183286,-2.60500486732194,0.125));
#3120=CARTESIAN_POINT('',(-0.0536231110183286,-2.60500486732194,0.129375));
#3121=VECTOR('',#3707,1.0);
#3122=CARTESIAN_POINT('',(-0.0536231110183286,-2.60500486732194,0.125));
#3123=VECTOR('',#3708,0.999999999999999);
#3124=CARTESIAN_POINT('',(0.0657784834550134,-2.6260585899672,0.1425));
#3125=CARTESIAN_POINT('',(0.0657784834550134,-2.6260585899672,0.1425));
#3126=VECTOR('',#3709,0.999999999999999);
#3127=CARTESIAN_POINT('',(0.0657784834550134,-2.6260585899672,0.125));
#3128=CARTESIAN_POINT('',(0.0657784834550134,-2.6260585899672,0.129375));
#3129=VECTOR('',#3710,1.0);
#3130=CARTESIAN_POINT('',(0.0657784834550134,-2.6260585899672,0.125));
#3131=VECTOR('',#3711,0.999999999999999);
#3132=CARTESIAN_POINT('',(-0.0121553724366853,-2.71893654271085,0.1425));
#3133=VECTOR('',#3712,0.999999999999999);
#3134=CARTESIAN_POINT('',(-0.0121553724366853,-2.71893654271085,0.125));
#3135=VECTOR('',#3713,0.999999999999999);
#3136=CARTESIAN_POINT('',(2.47,-3.02487759389396E-16,0.125));
#3137=CARTESIAN_POINT('',(2.47,-3.02487759389396E-16,0.1425));
#3138=CARTESIAN_POINT('',(2.47,-3.02487759389396E-16,0.129375));
#3139=VECTOR('',#3714,1.0);
#3140=CARTESIAN_POINT('',(2.52272077938642,0.127279220613578,0.125));
#3141=CARTESIAN_POINT('',(2.90065902288362,1.03970285380399,0.125));
#3142=VECTOR('',#3715,0.999999999999999);
#3143=CARTESIAN_POINT('',(2.52272077938642,0.127279220613578,0.1425));
#3144=CARTESIAN_POINT('',(2.52272077938642,0.127279220613578,0.129375));
#3145=VECTOR('',#3716,1.0);
#3146=CARTESIAN_POINT('',(2.90065902288362,1.03970285380399,0.1425));
#3147=VECTOR('',#3717,0.999999999999999);
#3148=CARTESIAN_POINT('',(2.65,0.18,0.125));
#3149=CARTESIAN_POINT('',(3.00929863319041,0.328826366809585,0.125));
#3150=VECTOR('',#3718,1.0);
#3151=CARTESIAN_POINT('',(2.65,0.18,0.1425));
#3152=CARTESIAN_POINT('',(2.65,0.18,0.129375));
#3153=VECTOR('',#3719,1.0);
#3154=CARTESIAN_POINT('',(3.00929863319041,0.328826366809585,0.1425));
#3155=VECTOR('',#3720,1.0);
#3156=CARTESIAN_POINT('',(2.77727922061358,0.127279220613578,0.125));
#3157=CARTESIAN_POINT('',(2.35434097711638,0.302465977116375,0.125));
#3158=VECTOR('',#3721,1.0);
#3159=CARTESIAN_POINT('',(2.77727922061358,0.127279220613578,0.1425));
#3160=CARTESIAN_POINT('',(2.77727922061358,0.127279220613578,0.129375));
#3161=VECTOR('',#3722,1.0);
#3162=CARTESIAN_POINT('',(2.35434097711638,0.302465977116375,0.1425));
#3163=VECTOR('',#3723,1.0);
#3164=CARTESIAN_POINT('',(2.83,-3.7433061977433E-16,0.125));
#3165=CARTESIAN_POINT('',(2.42570136680959,0.976063243497204,0.125));
#3166=VECTOR('',#3724,1.0);
#3167=CARTESIAN_POINT('',(2.83,-3.7433061977433E-16,0.1425));
#3168=CARTESIAN_POINT('',(2.83,-3.7433061977433E-16,0.129375));
#3169=VECTOR('',#3725,1.0);
#3170=CARTESIAN_POINT('',(2.42570136680959,0.976063243497204,0.1425));
#3171=VECTOR('',#3726,1.0);
#3172=CARTESIAN_POINT('',(2.77727922061358,-0.127279220613579,0.125));
#3173=CARTESIAN_POINT('',(3.18157785380399,0.848784022883625,0.125));
#3174=VECTOR('',#3727,1.0);
#3175=CARTESIAN_POINT('',(2.77727922061358,-0.127279220613579,0.1425));
#3176=CARTESIAN_POINT('',(2.77727922061358,-0.127279220613579,0.129375));
#3177=VECTOR('',#3728,1.0);
#3178=CARTESIAN_POINT('',(3.18157785380399,0.848784022883625,0.1425));
#3179=VECTOR('',#3729,1.0);
#3180=CARTESIAN_POINT('',(2.65,-0.18,0.125));
#3181=CARTESIAN_POINT('',(3.0729382434972,-0.00481324349720412,0.125));
#3182=VECTOR('',#3730,1.0);
#3183=CARTESIAN_POINT('',(2.65,-0.18,0.1425));
#3184=CARTESIAN_POINT('',(2.65,-0.18,0.129375));
#3185=VECTOR('',#3731,1.0);
#3186=CARTESIAN_POINT('',(3.0729382434972,-0.00481324349720412,0.1425));
#3187=VECTOR('',#3732,1.0);
#3188=CARTESIAN_POINT('',(2.52272077938642,-0.127279220613579,0.125));
#3189=CARTESIAN_POINT('',(2.16342214619601,0.0215471461960068,0.125));
#3190=VECTOR('',#3733,1.0);
#3191=CARTESIAN_POINT('',(2.52272077938642,-0.127279220613579,0.1425));
#3192=CARTESIAN_POINT('',(2.52272077938642,-0.127279220613579,0.129375));
#3193=VECTOR('',#3734,1.0);
#3194=CARTESIAN_POINT('',(2.16342214619601,0.0215471461960068,0.1425));
#3195=VECTOR('',#3735,1.0);
#3196=CARTESIAN_POINT('',(2.0920617565028,0.912423633190414,0.125));
#3197=VECTOR('',#3736,1.0);
#3198=CARTESIAN_POINT('',(2.0920617565028,0.912423633190414,0.1425));
#3199=VECTOR('',#3737,1.0);
#3200=CARTESIAN_POINT('',(2.4575,4.0,0.1425));
#3201=CARTESIAN_POINT('',(2.4575,4.0,0.125));
#3202=CARTESIAN_POINT('',(2.4575,4.0,0.13375));
#3203=VECTOR('',#3738,1.0);
#3204=CARTESIAN_POINT('',(2.4575,0.0949999999999997,0.125));
#3205=CARTESIAN_POINT('',(2.4575,2.2125,0.125));
#3206=VECTOR('',#3739,1.0);
#3207=CARTESIAN_POINT('',(2.4575,0.0949999999999997,0.1425));
#3208=CARTESIAN_POINT('',(2.4575,0.0949999999999997,0.13375));
#3209=VECTOR('',#3740,1.0);
#3210=CARTESIAN_POINT('',(2.4575,2.2125,0.1425));
#3211=VECTOR('',#3741,1.0);
#3212=CARTESIAN_POINT('',(2.8425,0.0949999999999997,0.1425));
#3213=CARTESIAN_POINT('',(2.8425,4.0,0.1425));
#3214=CARTESIAN_POINT('',(2.8425,1.23625,0.1425));
#3215=VECTOR('',#3742,1.0);
#3216=CARTESIAN_POINT('',(2.8425,0.0949999999999997,0.125));
#3217=CARTESIAN_POINT('',(2.8425,0.0949999999999997,0.13375));
#3218=VECTOR('',#3743,1.0);
#3219=CARTESIAN_POINT('',(2.8425,4.0,0.125));
#3220=CARTESIAN_POINT('',(2.8425,2.2125,0.125));
#3221=VECTOR('',#3744,1.0);
#3222=CARTESIAN_POINT('',(2.8425,4.0,0.13375));
#3223=VECTOR('',#3745,1.0);
#3224=CARTESIAN_POINT('',(2.65,4.0,0.125));
#3225=VECTOR('',#3746,1.0);
#3226=CARTESIAN_POINT('',(2.65,4.0,0.1425));
#3227=VECTOR('',#3747,1.0);
#3228=CARTESIAN_POINT('',(2.2,0.425,0.1425));
#3229=CARTESIAN_POINT('',(2.2,0.425,0.125));
#3230=CARTESIAN_POINT('',(2.2,0.425,0.13375));
#3231=VECTOR('',#3748,1.0);
#3232=CARTESIAN_POINT('',(2.2,-0.425,0.125));
#3233=CARTESIAN_POINT('',(2.2,-2.69422295812418E-16,0.125));
#3234=VECTOR('',#3749,1.0);
#3235=CARTESIAN_POINT('',(2.2,-0.425,0.1425));
#3236=CARTESIAN_POINT('',(2.2,-0.425,0.13375));
#3237=VECTOR('',#3750,1.0);
#3238=CARTESIAN_POINT('',(2.2,-2.69422295812418E-16,0.1425));
#3239=VECTOR('',#3751,1.0);
#3240=CARTESIAN_POINT('',(3.1,-0.425,0.125));
#3241=CARTESIAN_POINT('',(2.65,-0.425,0.125));
#3242=VECTOR('',#3752,1.0);
#3243=CARTESIAN_POINT('',(3.1,-0.425,0.1425));
#3244=CARTESIAN_POINT('',(3.1,-0.425,0.13375));
#3245=VECTOR('',#3753,1.0);
#3246=CARTESIAN_POINT('',(2.65,-0.425,0.1425));
#3247=VECTOR('',#3754,1.0);
#3248=CARTESIAN_POINT('',(3.1,0.425,0.125));
#3249=CARTESIAN_POINT('',(3.1,-3.79640507735679E-16,0.125));
#3250=VECTOR('',#3755,1.0);
#3251=CARTESIAN_POINT('',(3.1,0.425,0.1425));
#3252=CARTESIAN_POINT('',(3.1,0.425,0.13375));
#3253=VECTOR('',#3756,1.0);
#3254=CARTESIAN_POINT('',(3.1,-3.79640507735679E-16,0.1425));
#3255=VECTOR('',#3757,1.0);
#3256=CARTESIAN_POINT('',(2.9425,0.425,0.125));
#3257=CARTESIAN_POINT('',(2.9425,0.425,0.1425));
#3258=CARTESIAN_POINT('',(2.9425,0.425,0.13375));
#3259=VECTOR('',#3758,1.0);
#3260=CARTESIAN_POINT('',(2.65,0.425,0.1425));
#3261=VECTOR('',#3759,1.0);
#3262=CARTESIAN_POINT('',(2.65,0.425,0.125));
#3263=VECTOR('',#3760,1.0);
#3264=CARTESIAN_POINT('',(2.9425,0.0949999999999997,0.1425));
#3265=CARTESIAN_POINT('',(2.77125,0.0949999999999997,0.1425));
#3266=VECTOR('',#3761,1.0);
#3267=CARTESIAN_POINT('',(2.9425,0.0949999999999997,0.125));
#3268=CARTESIAN_POINT('',(2.9425,0.0949999999999997,0.13375));
#3269=VECTOR('',#3762,1.0);
#3270=CARTESIAN_POINT('',(2.77125,0.0949999999999997,0.125));
#3271=VECTOR('',#3763,1.0);
#3272=CARTESIAN_POINT('',(2.9425,1.23625,0.1425));
#3273=VECTOR('',#3764,1.0);
#3274=CARTESIAN_POINT('',(2.9425,1.23625,0.125));
#3275=VECTOR('',#3765,1.0);
#3276=CARTESIAN_POINT('',(2.3575,0.425,0.1425));
#3277=CARTESIAN_POINT('',(2.3575,0.425,0.125));
#3278=CARTESIAN_POINT('',(2.3575,0.425,0.13375));
#3279=VECTOR('',#3766,1.0);
#3280=CARTESIAN_POINT('',(2.65,0.425,0.125));
#3281=VECTOR('',#3767,1.0);
#3282=CARTESIAN_POINT('',(2.65,0.425,0.1425));
#3283=VECTOR('',#3768,1.0);
#3284=CARTESIAN_POINT('',(2.3575,0.0949999999999998,0.1425));
#3285=CARTESIAN_POINT('',(2.3575,1.23625,0.1425));
#3286=VECTOR('',#3769,1.0);
#3287=CARTESIAN_POINT('',(2.3575,0.0949999999999998,0.125));
#3288=CARTESIAN_POINT('',(2.3575,0.0949999999999998,0.13375));
#3289=VECTOR('',#3770,1.0);
#3290=CARTESIAN_POINT('',(2.3575,1.23625,0.125));
#3291=VECTOR('',#3771,1.0);
#3292=CARTESIAN_POINT('',(2.52875,0.0949999999999997,0.1425));
#3293=VECTOR('',#3772,1.0);
#3294=CARTESIAN_POINT('',(2.52875,0.0949999999999997,0.125));
#3295=VECTOR('',#3773,1.0);
#3296=CARTESIAN_POINT('',(2.71893654271085,-0.0121553724366855,0.125));
#3297=CARTESIAN_POINT('',(2.71893654271085,-0.0121553724366855,0.1425));
#3298=CARTESIAN_POINT('',(2.71893654271085,-0.0121553724366855,0.129375));
#3299=VECTOR('',#3774,1.0);
#3300=CARTESIAN_POINT('',(2.60500486732194,-0.0536231110183287,0.1425));
#3301=CARTESIAN_POINT('',(2.60500486732194,-0.0536231110183287,0.1425));
#3302=VECTOR('',#3775,0.999999999999999);
#3303=CARTESIAN_POINT('',(2.60500486732194,-0.0536231110183287,0.125));
#3304=CARTESIAN_POINT('',(2.60500486732194,-0.0536231110183287,0.129375));
#3305=VECTOR('',#3776,1.0);
#3306=CARTESIAN_POINT('',(2.60500486732194,-0.0536231110183287,0.125));
#3307=VECTOR('',#3777,0.999999999999999);
#3308=CARTESIAN_POINT('',(2.6260585899672,0.0657784834550132,0.1425));
#3309=CARTESIAN_POINT('',(2.6260585899672,0.0657784834550132,0.1425));
#3310=VECTOR('',#3778,0.999999999999999);
#3311=CARTESIAN_POINT('',(2.6260585899672,0.0657784834550132,0.125));
#3312=CARTESIAN_POINT('',(2.6260585899672,0.0657784834550132,0.129375));
#3313=VECTOR('',#3779,1.0);
#3314=CARTESIAN_POINT('',(2.6260585899672,0.0657784834550132,0.125));
#3315=VECTOR('',#3780,0.999999999999999);
#3316=CARTESIAN_POINT('',(2.71893654271085,-0.0121553724366855,0.1425));
#3317=VECTOR('',#3781,0.999999999999999);
#3318=CARTESIAN_POINT('',(2.71893654271085,-0.0121553724366855,0.125));
#3319=VECTOR('',#3782,0.999999999999999);
#3320=CARTESIAN_POINT('',(4.53731639084094E-16,2.47,0.125));
#3321=CARTESIAN_POINT('',(4.53731639084094E-16,2.47,0.1425));
#3322=CARTESIAN_POINT('',(4.53731639084094E-16,2.47,0.129375));
#3323=VECTOR('',#3783,1.0);
#3324=CARTESIAN_POINT('',(-0.127279220613578,2.52272077938642,0.125));
#3325=CARTESIAN_POINT('',(-1.03970285380399,2.90065902288362,0.125));
#3326=VECTOR('',#3784,0.999999999999999);
#3327=CARTESIAN_POINT('',(-0.127279220613578,2.52272077938642,0.1425));
#3328=CARTESIAN_POINT('',(-0.127279220613578,2.52272077938642,0.129375));
#3329=VECTOR('',#3785,1.0);
#3330=CARTESIAN_POINT('',(-1.03970285380399,2.90065902288362,0.1425));
#3331=VECTOR('',#3786,0.999999999999999);
#3332=CARTESIAN_POINT('',(-0.179999999999999,2.65,0.125));
#3333=CARTESIAN_POINT('',(-0.328826366809585,3.00929863319041,0.125));
#3334=VECTOR('',#3787,1.0);
#3335=CARTESIAN_POINT('',(-0.179999999999999,2.65,0.1425));
#3336=CARTESIAN_POINT('',(-0.18,2.65,0.129375));
#3337=VECTOR('',#3788,1.0);
#3338=CARTESIAN_POINT('',(-0.328826366809585,3.00929863319041,0.1425));
#3339=VECTOR('',#3789,1.0);
#3340=CARTESIAN_POINT('',(-0.127279220613578,2.77727922061358,0.125));
#3341=CARTESIAN_POINT('',(-0.302465977116374,2.35434097711638,0.125));
#3342=VECTOR('',#3790,1.0);
#3343=CARTESIAN_POINT('',(-0.127279220613578,2.77727922061358,0.1425));
#3344=CARTESIAN_POINT('',(-0.127279220613578,2.77727922061358,0.129375));
#3345=VECTOR('',#3791,1.0);
#3346=CARTESIAN_POINT('',(-0.302465977116374,2.35434097711638,0.1425));
#3347=VECTOR('',#3792,1.0);
#3348=CARTESIAN_POINT('',(5.4761814185368E-16,2.83,0.125));
#3349=CARTESIAN_POINT('',(-0.976063243497204,2.42570136680959,0.125));
#3350=VECTOR('',#3793,1.0);
#3351=CARTESIAN_POINT('',(5.4761814185368E-16,2.83,0.1425));
#3352=CARTESIAN_POINT('',(5.4761814185368E-16,2.83,0.129375));
#3353=VECTOR('',#3794,1.0);
#3354=CARTESIAN_POINT('',(-0.976063243497204,2.42570136680959,0.1425));
#3355=VECTOR('',#3795,1.0);
#3356=CARTESIAN_POINT('',(0.127279220613579,2.77727922061358,0.125));
#3357=CARTESIAN_POINT('',(-0.848784022883624,3.18157785380399,0.125));
#3358=VECTOR('',#3796,1.0);
#3359=CARTESIAN_POINT('',(0.127279220613579,2.77727922061358,0.1425));
#3360=CARTESIAN_POINT('',(0.127279220613579,2.77727922061358,0.129375));
#3361=VECTOR('',#3797,1.0);
#3362=CARTESIAN_POINT('',(-0.848784022883624,3.18157785380399,0.1425));
#3363=VECTOR('',#3798,1.0);
#3364=CARTESIAN_POINT('',(0.18,2.65,0.125));
#3365=CARTESIAN_POINT('',(0.00481324349720431,3.0729382434972,0.125));
#3366=VECTOR('',#3799,1.0);
#3367=CARTESIAN_POINT('',(0.18,2.65,0.1425));
#3368=CARTESIAN_POINT('',(0.18,2.65,0.129375));
#3369=VECTOR('',#3800,1.0);
#3370=CARTESIAN_POINT('',(0.00481324349720431,3.0729382434972,0.1425));
#3371=VECTOR('',#3801,1.0);
#3372=CARTESIAN_POINT('',(0.127279220613579,2.52272077938642,0.125));
#3373=CARTESIAN_POINT('',(-0.0215471461960067,2.16342214619601,0.125));
#3374=VECTOR('',#3802,1.0);
#3375=CARTESIAN_POINT('',(0.127279220613579,2.52272077938642,0.1425));
#3376=CARTESIAN_POINT('',(0.127279220613579,2.52272077938642,0.129375));
#3377=VECTOR('',#3803,1.0);
#3378=CARTESIAN_POINT('',(-0.0215471461960067,2.16342214619601,0.1425));
#3379=VECTOR('',#3804,1.0);
#3380=CARTESIAN_POINT('',(-0.912423633190414,2.0920617565028,0.125));
#3381=VECTOR('',#3805,1.0);
#3382=CARTESIAN_POINT('',(-0.912423633190414,2.0920617565028,0.1425));
#3383=VECTOR('',#3806,1.0);
#3384=CARTESIAN_POINT('',(-4.0,2.4575,0.1425));
#3385=CARTESIAN_POINT('',(-4.0,2.4575,0.125));
#3386=CARTESIAN_POINT('',(-4.0,2.4575,0.13375));
#3387=VECTOR('',#3807,1.0);
#3388=CARTESIAN_POINT('',(-0.0949999999999996,2.4575,0.125));
#3389=CARTESIAN_POINT('',(-2.2125,2.4575,0.125));
#3390=VECTOR('',#3808,1.0);
#3391=CARTESIAN_POINT('',(-0.0949999999999996,2.4575,0.1425));
#3392=CARTESIAN_POINT('',(-0.0949999999999996,2.4575,0.13375));
#3393=VECTOR('',#3809,1.0);
#3394=CARTESIAN_POINT('',(-2.2125,2.4575,0.1425));
#3395=VECTOR('',#3810,1.0);
#3396=CARTESIAN_POINT('',(-0.0949999999999995,2.8425,0.1425));
#3397=CARTESIAN_POINT('',(-4.0,2.8425,0.1425));
#3398=CARTESIAN_POINT('',(-1.23625,2.8425,0.1425));
#3399=VECTOR('',#3811,1.0);
#3400=CARTESIAN_POINT('',(-0.0949999999999995,2.8425,0.125));
#3401=CARTESIAN_POINT('',(-0.0949999999999995,2.8425,0.13375));
#3402=VECTOR('',#3812,1.0);
#3403=CARTESIAN_POINT('',(-4.0,2.8425,0.125));
#3404=CARTESIAN_POINT('',(-2.2125,2.8425,0.125));
#3405=VECTOR('',#3813,1.0);
#3406=CARTESIAN_POINT('',(-4.0,2.8425,0.13375));
#3407=VECTOR('',#3814,1.0);
#3408=CARTESIAN_POINT('',(-4.0,2.65,0.125));
#3409=VECTOR('',#3815,1.0);
#3410=CARTESIAN_POINT('',(-4.0,2.65,0.1425));
#3411=VECTOR('',#3816,1.0);
#3412=CARTESIAN_POINT('',(-0.425,2.2,0.1425));
#3413=CARTESIAN_POINT('',(-0.425,2.2,0.125));
#3414=CARTESIAN_POINT('',(-0.425,2.2,0.13375));
#3415=VECTOR('',#3817,1.0);
#3416=CARTESIAN_POINT('',(0.425,2.2,0.125));
#3417=CARTESIAN_POINT('',(4.04133443718627E-16,2.2,0.125));
#3418=VECTOR('',#3818,1.0);
#3419=CARTESIAN_POINT('',(0.425,2.2,0.1425));
#3420=CARTESIAN_POINT('',(0.425,2.2,0.13375));
#3421=VECTOR('',#3819,1.0);
#3422=CARTESIAN_POINT('',(4.04133443718627E-16,2.2,0.1425));
#3423=VECTOR('',#3820,1.0);
#3424=CARTESIAN_POINT('',(0.425,3.1,0.125));
#3425=CARTESIAN_POINT('',(0.425,2.65,0.125));
#3426=VECTOR('',#3821,1.0);
#3427=CARTESIAN_POINT('',(0.425,3.1,0.1425));
#3428=CARTESIAN_POINT('',(0.425,3.1,0.13375));
#3429=VECTOR('',#3822,1.0);
#3430=CARTESIAN_POINT('',(0.425,2.65,0.1425));
#3431=VECTOR('',#3823,1.0);
#3432=CARTESIAN_POINT('',(-0.424999999999999,3.1,0.125));
#3433=CARTESIAN_POINT('',(5.69460761603519E-16,3.1,0.125));
#3434=VECTOR('',#3824,1.0);
#3435=CARTESIAN_POINT('',(-0.424999999999999,3.1,0.1425));
#3436=CARTESIAN_POINT('',(-0.424999999999999,3.1,0.13375));
#3437=VECTOR('',#3825,1.0);
#3438=CARTESIAN_POINT('',(5.69460761603519E-16,3.1,0.1425));
#3439=VECTOR('',#3826,1.0);
#3440=CARTESIAN_POINT('',(-0.424999999999999,2.9425,0.125));
#3441=CARTESIAN_POINT('',(-0.424999999999999,2.9425,0.1425));
#3442=CARTESIAN_POINT('',(-0.424999999999999,2.9425,0.13375));
#3443=VECTOR('',#3827,1.0);
#3444=CARTESIAN_POINT('',(-0.424999999999999,2.65,0.1425));
#3445=VECTOR('',#3828,1.0);
#3446=CARTESIAN_POINT('',(-0.424999999999999,2.65,0.125));
#3447=VECTOR('',#3829,1.0);
#3448=CARTESIAN_POINT('',(-0.0949999999999995,2.9425,0.1425));
#3449=CARTESIAN_POINT('',(-0.0949999999999995,2.77125,0.1425));
#3450=VECTOR('',#3830,1.0);
#3451=CARTESIAN_POINT('',(-0.0949999999999995,2.9425,0.125));
#3452=CARTESIAN_POINT('',(-0.0949999999999995,2.9425,0.13375));
#3453=VECTOR('',#3831,1.0);
#3454=CARTESIAN_POINT('',(-0.0949999999999995,2.77125,0.125));
#3455=VECTOR('',#3832,1.0);
#3456=CARTESIAN_POINT('',(-1.23625,2.9425,0.1425));
#3457=VECTOR('',#3833,1.0);
#3458=CARTESIAN_POINT('',(-1.23625,2.9425,0.125));
#3459=VECTOR('',#3834,1.0);
#3460=CARTESIAN_POINT('',(-0.424999999999999,2.3575,0.1425));
#3461=CARTESIAN_POINT('',(-0.424999999999999,2.3575,0.125));
#3462=CARTESIAN_POINT('',(-0.424999999999999,2.3575,0.13375));
#3463=VECTOR('',#3835,1.0);
#3464=CARTESIAN_POINT('',(-0.424999999999999,2.65,0.125));
#3465=VECTOR('',#3836,1.0);
#3466=CARTESIAN_POINT('',(-0.424999999999999,2.65,0.1425));
#3467=VECTOR('',#3837,1.0);
#3468=CARTESIAN_POINT('',(-0.0949999999999996,2.3575,0.1425));
#3469=CARTESIAN_POINT('',(-1.23625,2.3575,0.1425));
#3470=VECTOR('',#3838,1.0);
#3471=CARTESIAN_POINT('',(-0.0949999999999996,2.3575,0.125));
#3472=CARTESIAN_POINT('',(-0.0949999999999996,2.3575,0.13375));
#3473=VECTOR('',#3839,1.0);
#3474=CARTESIAN_POINT('',(-1.23625,2.3575,0.125));
#3475=VECTOR('',#3840,1.0);
#3476=CARTESIAN_POINT('',(-0.0949999999999996,2.52875,0.1425));
#3477=VECTOR('',#3841,1.0);
#3478=CARTESIAN_POINT('',(-0.0949999999999996,2.52875,0.125));
#3479=VECTOR('',#3842,1.0);
#3480=CARTESIAN_POINT('',(0.0121553724366857,2.71893654271085,0.125));
#3481=CARTESIAN_POINT('',(0.0121553724366857,2.71893654271085,0.1425));
#3482=CARTESIAN_POINT('',(0.0121553724366857,2.71893654271085,0.129375));
#3483=VECTOR('',#3843,1.0);
#3484=CARTESIAN_POINT('',(0.0536231110183289,2.60500486732194,0.1425));
#3485=CARTESIAN_POINT('',(0.0536231110183289,2.60500486732194,0.1425));
#3486=VECTOR('',#3844,0.999999999999999);
#3487=CARTESIAN_POINT('',(0.0536231110183289,2.60500486732194,0.125));
#3488=CARTESIAN_POINT('',(0.0536231110183289,2.60500486732194,0.129375));
#3489=VECTOR('',#3845,1.0);
#3490=CARTESIAN_POINT('',(0.0536231110183289,2.60500486732194,0.125));
#3491=VECTOR('',#3846,0.999999999999999);
#3492=CARTESIAN_POINT('',(-0.0657784834550131,2.6260585899672,0.1425));
#3493=CARTESIAN_POINT('',(-0.0657784834550131,2.6260585899672,0.1425));
#3494=VECTOR('',#3847,0.999999999999999);
#3495=CARTESIAN_POINT('',(-0.0657784834550131,2.6260585899672,0.125));
#3496=CARTESIAN_POINT('',(-0.0657784834550131,2.6260585899672,0.129375));
#3497=VECTOR('',#3848,1.0);
#3498=CARTESIAN_POINT('',(-0.0657784834550131,2.6260585899672,0.125));
#3499=VECTOR('',#3849,0.999999999999999);
#3500=CARTESIAN_POINT('',(0.0121553724366857,2.71893654271085,0.1425));
#3501=VECTOR('',#3850,0.999999999999999);
#3502=CARTESIAN_POINT('',(0.0121553724366857,2.71893654271085,0.125));
#3503=VECTOR('',#3851,0.999999999999999);
#3504=CARTESIAN_POINT('',(-3.42125,-4.0,-0.0175));
#3505=CARTESIAN_POINT('',(-3.42125,-4.0,0.72125));
#3506=CARTESIAN_POINT('',(-3.42125,-4.0,-0.0175));
#3507=VECTOR('',#3852,1.0);
#3508=CARTESIAN_POINT('',(-1.87875,-4.0,0.72125));
#3509=CARTESIAN_POINT('',(-3.42125,-4.0,0.72125));
#3510=VECTOR('',#3853,1.0);
#3511=CARTESIAN_POINT('',(-1.87875,-4.0,-0.0175));
#3512=CARTESIAN_POINT('',(-1.87875,-4.0,0.72125));
#3513=VECTOR('',#3854,1.0);
#3514=CARTESIAN_POINT('',(-1.87875,-4.0,-0.0175));
#3515=VECTOR('',#3855,1.0);
#3516=CARTESIAN_POINT('',(4.0,-3.42125,-0.0175));
#3517=CARTESIAN_POINT('',(4.0,-1.87875,-0.0175));
#3518=CARTESIAN_POINT('',(4.0,-3.42125,-0.0175));
#3519=VECTOR('',#3856,1.0);
#3520=CARTESIAN_POINT('',(4.0,-1.87875,0.72125));
#3521=CARTESIAN_POINT('',(4.0,-1.87875,-0.0175));
#3522=VECTOR('',#3857,1.0);
#3523=CARTESIAN_POINT('',(4.0,-3.42125,0.72125));
#3524=CARTESIAN_POINT('',(4.0,-1.87875,0.72125));
#3525=VECTOR('',#3858,1.0);
#3526=CARTESIAN_POINT('',(4.0,-3.42125,0.72125));
#3527=VECTOR('',#3859,1.0);
#3528=CARTESIAN_POINT('',(1.87875,4.0,-0.0175));
#3529=CARTESIAN_POINT('',(1.87875,4.0,0.72125));
#3530=CARTESIAN_POINT('',(1.87875,4.0,-0.0175));
#3531=VECTOR('',#3860,1.0);
#3532=CARTESIAN_POINT('',(3.42125,4.0,0.72125));
#3533=CARTESIAN_POINT('',(1.87875,4.0,0.72125));
#3534=VECTOR('',#3861,1.0);
#3535=CARTESIAN_POINT('',(3.42125,4.0,-0.0175));
#3536=CARTESIAN_POINT('',(3.42125,4.0,0.72125));
#3537=VECTOR('',#3862,1.0);
#3538=CARTESIAN_POINT('',(3.42125,4.0,-0.0175));
#3539=VECTOR('',#3863,1.0);
#3540=CARTESIAN_POINT('',(-4.0,1.87875,-0.0175));
#3541=CARTESIAN_POINT('',(-4.0,3.42125,-0.0175));
#3542=CARTESIAN_POINT('',(-4.0,1.87875,-0.0175));
#3543=VECTOR('',#3864,1.0);
#3544=CARTESIAN_POINT('',(-4.0,3.42125,0.72125));
#3545=CARTESIAN_POINT('',(-4.0,3.42125,-0.0175));
#3546=VECTOR('',#3865,1.0);
#3547=CARTESIAN_POINT('',(-4.0,1.87875,0.72125));
#3548=CARTESIAN_POINT('',(-4.0,3.42125,0.72125));
#3549=VECTOR('',#3866,1.0);
#3550=CARTESIAN_POINT('',(-4.0,1.87875,0.72125));
#3551=VECTOR('',#3867,1.0);
#3552=DIRECTION('',(0.0,1.0,0.0));
#3553=DIRECTION('',(-1.0,0.0,0.0));
#3554=DIRECTION('',(0.0,-1.0,0.0));
#3555=DIRECTION('',(1.0,0.0,0.0));
#3556=DIRECTION('',(0.0,-1.0,0.0));
#3557=DIRECTION('',(-1.0,0.0,0.0));
#3558=DIRECTION('',(0.0,1.0,0.0));
#3559=DIRECTION('',(1.0,0.0,0.0));
#3560=DIRECTION('',(0.0,0.0,-1.0));
#3561=DIRECTION('',(0.0,0.0,-1.0));
#3562=DIRECTION('',(0.0,0.0,-1.0));
#3563=DIRECTION('',(0.0,0.0,-1.0));
#3564=DIRECTION('',(0.0,1.0,0.0));
#3565=DIRECTION('',(-1.0,0.0,0.0));
#3566=DIRECTION('',(0.0,-1.0,0.0));
#3567=DIRECTION('',(1.0,0.0,0.0));
#3568=DIRECTION('',(0.0,-1.0,0.0));
#3569=DIRECTION('',(-1.0,0.0,0.0));
#3570=DIRECTION('',(0.0,1.0,0.0));
#3571=DIRECTION('',(1.0,0.0,0.0));
#3572=DIRECTION('',(0.0,0.0,-1.0));
#3573=DIRECTION('',(0.0,0.0,-1.0));
#3574=DIRECTION('',(0.0,0.0,-1.0));
#3575=DIRECTION('',(0.0,0.0,-1.0));
#3576=DIRECTION('',(0.0,0.0,1.0));
#3577=DIRECTION('',(0.38268343236509,0.923879532511287,0.0));
#3578=DIRECTION('',(0.0,0.0,1.0));
#3579=DIRECTION('',(-0.38268343236509,-0.923879532511287,0.0));
#3580=DIRECTION('',(0.923879532511287,0.38268343236509,0.0));
#3581=DIRECTION('',(0.0,0.0,1.0));
#3582=DIRECTION('',(-0.923879532511287,-0.38268343236509,0.0));
#3583=DIRECTION('',(0.923879532511287,-0.38268343236509,0.0));
#3584=DIRECTION('',(0.0,0.0,1.0));
#3585=DIRECTION('',(-0.923879532511287,0.38268343236509,0.0));
#3586=DIRECTION('',(0.38268343236509,-0.923879532511287,0.0));
#3587=DIRECTION('',(0.0,0.0,1.0));
#3588=DIRECTION('',(-0.38268343236509,0.923879532511287,0.0));
#3589=DIRECTION('',(-0.38268343236509,-0.923879532511287,0.0));
#3590=DIRECTION('',(0.0,0.0,1.0));
#3591=DIRECTION('',(0.38268343236509,0.923879532511287,0.0));
#3592=DIRECTION('',(-0.923879532511287,-0.38268343236509,0.0));
#3593=DIRECTION('',(0.0,0.0,1.0));
#3594=DIRECTION('',(0.923879532511287,0.38268343236509,0.0));
#3595=DIRECTION('',(-0.923879532511287,0.38268343236509,0.0));
#3596=DIRECTION('',(0.0,0.0,1.0));
#3597=DIRECTION('',(0.923879532511287,-0.38268343236509,0.0));
#3598=DIRECTION('',(-0.38268343236509,0.923879532511287,0.0));
#3599=DIRECTION('',(0.38268343236509,-0.923879532511287,0.0));
#3600=DIRECTION('',(0.0,0.0,-1.0));
#3601=DIRECTION('',(0.0,-1.0,0.0));
#3602=DIRECTION('',(0.0,0.0,-1.0));
#3603=DIRECTION('',(0.0,1.0,0.0));
#3604=DIRECTION('',(0.0,-1.0,0.0));
#3605=DIRECTION('',(0.0,0.0,-1.0));
#3606=DIRECTION('',(0.0,1.0,0.0));
#3607=DIRECTION('',(0.0,0.0,-1.0));
#3608=DIRECTION('',(-1.0,0.0,0.0));
#3609=DIRECTION('',(1.0,0.0,0.0));
#3610=DIRECTION('',(0.0,0.0,-1.0));
#3611=DIRECTION('',(0.0,-1.0,0.0));
#3612=DIRECTION('',(0.0,0.0,-1.0));
#3613=DIRECTION('',(0.0,1.0,0.0));
#3614=DIRECTION('',(1.0,0.0,0.0));
#3615=DIRECTION('',(0.0,0.0,-1.0));
#3616=DIRECTION('',(-1.0,0.0,0.0));
#3617=DIRECTION('',(0.0,1.0,0.0));
#3618=DIRECTION('',(0.0,0.0,-1.0));
#3619=DIRECTION('',(0.0,-1.0,0.0));
#3620=DIRECTION('',(0.0,0.0,1.0));
#3621=DIRECTION('',(1.0,0.0,0.0));
#3622=DIRECTION('',(-1.0,0.0,0.0));
#3623=DIRECTION('',(1.0,0.0,0.0));
#3624=DIRECTION('',(0.0,0.0,-1.0));
#3625=DIRECTION('',(-1.0,0.0,0.0));
#3626=DIRECTION('',(0.0,1.0,0.0));
#3627=DIRECTION('',(0.0,-1.0,0.0));
#3628=DIRECTION('',(0.0,0.0,-1.0));
#3629=DIRECTION('',(-1.0,0.0,0.0));
#3630=DIRECTION('',(1.0,0.0,0.0));
#3631=DIRECTION('',(0.0,-1.0,0.0));
#3632=DIRECTION('',(0.0,0.0,-1.0));
#3633=DIRECTION('',(0.0,1.0,0.0));
#3634=DIRECTION('',(1.0,0.0,0.0));
#3635=DIRECTION('',(-1.0,0.0,0.0));
#3636=DIRECTION('',(0.0,0.0,1.0));
#3637=DIRECTION('',(-0.939692620785909,-0.342020143325668,0.0));
#3638=DIRECTION('',(0.0,0.0,1.0));
#3639=DIRECTION('',(-0.939692620785909,-0.342020143325668,0.0));
#3640=DIRECTION('',(0.173648177666931,0.984807753012208,0.0));
#3641=DIRECTION('',(0.0,0.0,1.0));
#3642=DIRECTION('',(0.173648177666931,0.984807753012208,0.0));
#3643=DIRECTION('',(0.766044443118978,-0.64278760968654,0.0));
#3644=DIRECTION('',(0.766044443118978,-0.64278760968654,0.0));
#3645=DIRECTION('',(0.0,0.0,1.0));
#3646=DIRECTION('',(-0.923879532511287,0.38268343236509,0.0));
#3647=DIRECTION('',(0.0,0.0,1.0));
#3648=DIRECTION('',(0.923879532511287,-0.38268343236509,0.0));
#3649=DIRECTION('',(-0.38268343236509,0.923879532511287,0.0));
#3650=DIRECTION('',(0.0,0.0,1.0));
#3651=DIRECTION('',(0.38268343236509,-0.923879532511287,0.0));
#3652=DIRECTION('',(0.38268343236509,0.923879532511287,0.0));
#3653=DIRECTION('',(0.0,0.0,1.0));
#3654=DIRECTION('',(-0.38268343236509,-0.923879532511287,0.0));
#3655=DIRECTION('',(0.923879532511287,0.38268343236509,0.0));
#3656=DIRECTION('',(0.0,0.0,1.0));
#3657=DIRECTION('',(-0.923879532511287,-0.38268343236509,0.0));
#3658=DIRECTION('',(0.923879532511287,-0.38268343236509,0.0));
#3659=DIRECTION('',(0.0,0.0,1.0));
#3660=DIRECTION('',(-0.923879532511287,0.38268343236509,0.0));
#3661=DIRECTION('',(0.38268343236509,-0.923879532511287,0.0));
#3662=DIRECTION('',(0.0,0.0,1.0));
#3663=DIRECTION('',(-0.38268343236509,0.923879532511287,0.0));
#3664=DIRECTION('',(-0.38268343236509,-0.923879532511287,0.0));
#3665=DIRECTION('',(0.0,0.0,1.0));
#3666=DIRECTION('',(0.38268343236509,0.923879532511287,0.0));
#3667=DIRECTION('',(-0.923879532511287,-0.38268343236509,0.0));
#3668=DIRECTION('',(0.923879532511287,0.38268343236509,0.0));
#3669=DIRECTION('',(0.0,0.0,-1.0));
#3670=DIRECTION('',(1.0,-6.12323399573676E-17,0.0));
#3671=DIRECTION('',(0.0,0.0,-1.0));
#3672=DIRECTION('',(-1.0,6.12323399573676E-17,0.0));
#3673=DIRECTION('',(1.0,-6.12323399573676E-17,0.0));
#3674=DIRECTION('',(0.0,0.0,-1.0));
#3675=DIRECTION('',(-1.0,6.12323399573676E-17,0.0));
#3676=DIRECTION('',(0.0,0.0,-1.0));
#3677=DIRECTION('',(-6.12323399573676E-17,-1.0,0.0));
#3678=DIRECTION('',(6.12323399573676E-17,1.0,0.0));
#3679=DIRECTION('',(0.0,0.0,-1.0));
#3680=DIRECTION('',(1.0,-6.12323399573676E-17,0.0));
#3681=DIRECTION('',(0.0,0.0,-1.0));
#3682=DIRECTION('',(-1.0,6.12323399573676E-17,0.0));
#3683=DIRECTION('',(6.12323399573676E-17,1.0,0.0));
#3684=DIRECTION('',(0.0,0.0,-1.0));
#3685=DIRECTION('',(-6.12323399573676E-17,-1.0,0.0));
#3686=DIRECTION('',(-1.0,6.12323399573676E-17,0.0));
#3687=DIRECTION('',(0.0,0.0,-1.0));
#3688=DIRECTION('',(1.0,-6.12323399573676E-17,0.0));
#3689=DIRECTION('',(0.0,0.0,1.0));
#3690=DIRECTION('',(6.12323399573676E-17,1.0,0.0));
#3691=DIRECTION('',(-6.12323399573676E-17,-1.0,0.0));
#3692=DIRECTION('',(6.12323399573676E-17,1.0,0.0));
#3693=DIRECTION('',(0.0,0.0,-1.0));
#3694=DIRECTION('',(-6.12323399573676E-17,-1.0,0.0));
#3695=DIRECTION('',(-1.0,6.12323399573676E-17,0.0));
#3696=DIRECTION('',(1.0,-6.12323399573676E-17,0.0));
#3697=DIRECTION('',(0.0,0.0,-1.0));
#3698=DIRECTION('',(-6.12323399573676E-17,-1.0,0.0));
#3699=DIRECTION('',(6.12323399573676E-17,1.0,0.0));
#3700=DIRECTION('',(1.0,-6.12323399573676E-17,0.0));
#3701=DIRECTION('',(0.0,0.0,-1.0));
#3702=DIRECTION('',(-1.0,6.12323399573676E-17,0.0));
#3703=DIRECTION('',(6.12323399573676E-17,1.0,0.0));
#3704=DIRECTION('',(-6.12323399573676E-17,-1.0,0.0));
#3705=DIRECTION('',(0.0,0.0,1.0));
#3706=DIRECTION('',(0.342020143325668,-0.939692620785909,0.0));
#3707=DIRECTION('',(0.0,0.0,1.0));
#3708=DIRECTION('',(0.342020143325668,-0.939692620785909,0.0));
#3709=DIRECTION('',(-0.984807753012208,0.173648177666931,0.0));
#3710=DIRECTION('',(0.0,0.0,1.0));
#3711=DIRECTION('',(-0.984807753012208,0.173648177666931,0.0));
#3712=DIRECTION('',(0.64278760968654,0.766044443118978,0.0));
#3713=DIRECTION('',(0.64278760968654,0.766044443118978,0.0));
#3714=DIRECTION('',(0.0,0.0,1.0));
#3715=DIRECTION('',(-0.38268343236509,-0.923879532511287,0.0));
#3716=DIRECTION('',(0.0,0.0,1.0));
#3717=DIRECTION('',(0.38268343236509,0.923879532511287,0.0));
#3718=DIRECTION('',(-0.923879532511287,-0.38268343236509,0.0));
#3719=DIRECTION('',(0.0,0.0,1.0));
#3720=DIRECTION('',(0.923879532511287,0.38268343236509,0.0));
#3721=DIRECTION('',(-0.923879532511287,0.38268343236509,0.0));
#3722=DIRECTION('',(0.0,0.0,1.0));
#3723=DIRECTION('',(0.923879532511287,-0.38268343236509,0.0));
#3724=DIRECTION('',(-0.38268343236509,0.923879532511287,0.0));
#3725=DIRECTION('',(0.0,0.0,1.0));
#3726=DIRECTION('',(0.38268343236509,-0.923879532511287,0.0));
#3727=DIRECTION('',(0.38268343236509,0.923879532511287,0.0));
#3728=DIRECTION('',(0.0,0.0,1.0));
#3729=DIRECTION('',(-0.38268343236509,-0.923879532511287,0.0));
#3730=DIRECTION('',(0.923879532511287,0.38268343236509,0.0));
#3731=DIRECTION('',(0.0,0.0,1.0));
#3732=DIRECTION('',(-0.923879532511287,-0.38268343236509,0.0));
#3733=DIRECTION('',(0.923879532511287,-0.38268343236509,0.0));
#3734=DIRECTION('',(0.0,0.0,1.0));
#3735=DIRECTION('',(-0.923879532511287,0.38268343236509,0.0));
#3736=DIRECTION('',(0.38268343236509,-0.923879532511287,0.0));
#3737=DIRECTION('',(-0.38268343236509,0.923879532511287,0.0));
#3738=DIRECTION('',(0.0,0.0,-1.0));
#3739=DIRECTION('',(1.22464679914735E-16,1.0,0.0));
#3740=DIRECTION('',(0.0,0.0,-1.0));
#3741=DIRECTION('',(-1.22464679914735E-16,-1.0,0.0));
#3742=DIRECTION('',(1.22464679914735E-16,1.0,0.0));
#3743=DIRECTION('',(0.0,0.0,-1.0));
#3744=DIRECTION('',(-1.22464679914735E-16,-1.0,0.0));
#3745=DIRECTION('',(0.0,0.0,-1.0));
#3746=DIRECTION('',(1.0,-1.22464679914735E-16,0.0));
#3747=DIRECTION('',(-1.0,1.22464679914735E-16,0.0));
#3748=DIRECTION('',(0.0,0.0,-1.0));
#3749=DIRECTION('',(1.22464679914735E-16,1.0,0.0));
#3750=DIRECTION('',(0.0,0.0,-1.0));
#3751=DIRECTION('',(-1.22464679914735E-16,-1.0,0.0));
#3752=DIRECTION('',(-1.0,1.22464679914735E-16,0.0));
#3753=DIRECTION('',(0.0,0.0,-1.0));
#3754=DIRECTION('',(1.0,-1.22464679914735E-16,0.0));
#3755=DIRECTION('',(-1.22464679914735E-16,-1.0,0.0));
#3756=DIRECTION('',(0.0,0.0,-1.0));
#3757=DIRECTION('',(1.22464679914735E-16,1.0,0.0));
#3758=DIRECTION('',(0.0,0.0,1.0));
#3759=DIRECTION('',(-1.0,1.22464679914735E-16,0.0));
#3760=DIRECTION('',(1.0,-1.22464679914735E-16,0.0));
#3761=DIRECTION('',(-1.0,1.22464679914735E-16,0.0));
#3762=DIRECTION('',(0.0,0.0,-1.0));
#3763=DIRECTION('',(1.0,-1.22464679914735E-16,0.0));
#3764=DIRECTION('',(-1.22464679914735E-16,-1.0,0.0));
#3765=DIRECTION('',(1.22464679914735E-16,1.0,0.0));
#3766=DIRECTION('',(0.0,0.0,-1.0));
#3767=DIRECTION('',(1.0,-1.22464679914735E-16,0.0));
#3768=DIRECTION('',(-1.0,1.22464679914735E-16,0.0));
#3769=DIRECTION('',(1.22464679914735E-16,1.0,0.0));
#3770=DIRECTION('',(0.0,0.0,-1.0));
#3771=DIRECTION('',(-1.22464679914735E-16,-1.0,0.0));
#3772=DIRECTION('',(-1.0,1.22464679914735E-16,0.0));
#3773=DIRECTION('',(1.0,-1.22464679914735E-16,0.0));
#3774=DIRECTION('',(0.0,0.0,1.0));
#3775=DIRECTION('',(0.939692620785909,0.342020143325668,0.0));
#3776=DIRECTION('',(0.0,0.0,1.0));
#3777=DIRECTION('',(0.939692620785909,0.342020143325668,0.0));
#3778=DIRECTION('',(-0.173648177666931,-0.984807753012208,0.0));
#3779=DIRECTION('',(0.0,0.0,1.0));
#3780=DIRECTION('',(-0.173648177666931,-0.984807753012208,0.0));
#3781=DIRECTION('',(-0.766044443118978,0.64278760968654,0.0));
#3782=DIRECTION('',(-0.766044443118978,0.64278760968654,0.0));
#3783=DIRECTION('',(0.0,0.0,1.0));
#3784=DIRECTION('',(0.923879532511287,-0.38268343236509,0.0));
#3785=DIRECTION('',(0.0,0.0,1.0));
#3786=DIRECTION('',(-0.923879532511287,0.38268343236509,0.0));
#3787=DIRECTION('',(0.382683432365089,-0.923879532511287,0.0));
#3788=DIRECTION('',(0.0,0.0,1.0));
#3789=DIRECTION('',(-0.382683432365089,0.923879532511287,0.0));
#3790=DIRECTION('',(-0.38268343236509,-0.923879532511287,0.0));
#3791=DIRECTION('',(0.0,0.0,1.0));
#3792=DIRECTION('',(0.38268343236509,0.923879532511287,0.0));
#3793=DIRECTION('',(-0.923879532511287,-0.382683432365089,0.0));
#3794=DIRECTION('',(0.0,0.0,1.0));
#3795=DIRECTION('',(0.923879532511287,0.382683432365089,0.0));
#3796=DIRECTION('',(-0.923879532511287,0.38268343236509,0.0));
#3797=DIRECTION('',(0.0,0.0,1.0));
#3798=DIRECTION('',(0.923879532511287,-0.38268343236509,0.0));
#3799=DIRECTION('',(-0.38268343236509,0.923879532511287,0.0));
#3800=DIRECTION('',(0.0,0.0,1.0));
#3801=DIRECTION('',(0.38268343236509,-0.923879532511287,0.0));
#3802=DIRECTION('',(0.38268343236509,0.923879532511287,0.0));
#3803=DIRECTION('',(0.0,0.0,1.0));
#3804=DIRECTION('',(-0.38268343236509,-0.923879532511287,0.0));
#3805=DIRECTION('',(0.923879532511287,0.38268343236509,0.0));
#3806=DIRECTION('',(-0.923879532511287,-0.38268343236509,0.0));
#3807=DIRECTION('',(0.0,0.0,-1.0));
#3808=DIRECTION('',(-1.0,1.83697019872103E-16,0.0));
#3809=DIRECTION('',(0.0,0.0,-1.0));
#3810=DIRECTION('',(1.0,-1.83697019872103E-16,0.0));
#3811=DIRECTION('',(-1.0,1.83697019872103E-16,0.0));
#3812=DIRECTION('',(0.0,0.0,-1.0));
#3813=DIRECTION('',(1.0,-1.83697019872103E-16,0.0));
#3814=DIRECTION('',(0.0,0.0,-1.0));
#3815=DIRECTION('',(1.83697019872103E-16,1.0,0.0));
#3816=DIRECTION('',(-1.83697019872103E-16,-1.0,0.0));
#3817=DIRECTION('',(0.0,0.0,-1.0));
#3818=DIRECTION('',(-1.0,1.83697019872103E-16,0.0));
#3819=DIRECTION('',(0.0,0.0,-1.0));
#3820=DIRECTION('',(1.0,-1.83697019872103E-16,0.0));
#3821=DIRECTION('',(-1.83697019872103E-16,-1.0,0.0));
#3822=DIRECTION('',(0.0,0.0,-1.0));
#3823=DIRECTION('',(1.83697019872103E-16,1.0,0.0));
#3824=DIRECTION('',(1.0,-1.83697019872103E-16,0.0));
#3825=DIRECTION('',(0.0,0.0,-1.0));
#3826=DIRECTION('',(-1.0,1.83697019872103E-16,0.0));
#3827=DIRECTION('',(0.0,0.0,1.0));
#3828=DIRECTION('',(-1.83697019872103E-16,-1.0,0.0));
#3829=DIRECTION('',(1.83697019872103E-16,1.0,0.0));
#3830=DIRECTION('',(-1.83697019872103E-16,-1.0,0.0));
#3831=DIRECTION('',(0.0,0.0,-1.0));
#3832=DIRECTION('',(1.83697019872103E-16,1.0,0.0));
#3833=DIRECTION('',(1.0,-1.83697019872103E-16,0.0));
#3834=DIRECTION('',(-1.0,1.83697019872103E-16,0.0));
#3835=DIRECTION('',(0.0,0.0,-1.0));
#3836=DIRECTION('',(1.83697019872103E-16,1.0,0.0));
#3837=DIRECTION('',(-1.83697019872103E-16,-1.0,0.0));
#3838=DIRECTION('',(-1.0,1.83697019872103E-16,0.0));
#3839=DIRECTION('',(0.0,0.0,-1.0));
#3840=DIRECTION('',(1.0,-1.83697019872103E-16,0.0));
#3841=DIRECTION('',(-1.83697019872103E-16,-1.0,0.0));
#3842=DIRECTION('',(1.83697019872103E-16,1.0,0.0));
#3843=DIRECTION('',(0.0,0.0,1.0));
#3844=DIRECTION('',(-0.342020143325668,0.939692620785909,0.0));
#3845=DIRECTION('',(0.0,0.0,1.0));
#3846=DIRECTION('',(-0.342020143325668,0.939692620785909,0.0));
#3847=DIRECTION('',(0.984807753012208,-0.173648177666931,0.0));
#3848=DIRECTION('',(0.0,0.0,1.0));
#3849=DIRECTION('',(0.984807753012208,-0.173648177666931,0.0));
#3850=DIRECTION('',(-0.64278760968654,-0.766044443118978,0.0));
#3851=DIRECTION('',(-0.64278760968654,-0.766044443118978,0.0));
#3852=DIRECTION('',(0.0,0.0,1.0));
#3853=DIRECTION('',(1.0,0.0,0.0));
#3854=DIRECTION('',(0.0,0.0,-1.0));
#3855=DIRECTION('',(-1.0,0.0,0.0));
#3856=DIRECTION('',(0.0,1.0,0.0));
#3857=DIRECTION('',(0.0,0.0,1.0));
#3858=DIRECTION('',(0.0,-1.0,0.0));
#3859=DIRECTION('',(0.0,0.0,-1.0));
#3860=DIRECTION('',(0.0,0.0,1.0));
#3861=DIRECTION('',(1.0,0.0,0.0));
#3862=DIRECTION('',(0.0,0.0,-1.0));
#3863=DIRECTION('',(-1.0,0.0,0.0));
#3864=DIRECTION('',(0.0,1.0,0.0));
#3865=DIRECTION('',(0.0,0.0,1.0));
#3866=DIRECTION('',(0.0,-1.0,0.0));
#3867=DIRECTION('',(0.0,0.0,-1.0));
#3868=PRESENTATION_LAYER_ASSIGNMENT('Vacuum','Vacuum',(#91,#93,#95,#97));
#3869=PRESENTATION_LAYER_ASSIGNMENT('','',(#64,#66,#68,#70,#72,#74,#76,#78));
#3870=PRESENTATION_LAYER_ASSIGNMENT('Rogers RT-duroid 5880 (lossy)','Rogers RT-duroid 5880 (lossy)',(#62));
#3871=PRESENTATION_LAYER_ASSIGNMENT('Copper (annealed)','Copper (annealed)',(#60));
ENDSEC;
END-ISO-10303-21;
